item_id,order_id,product_id,quantity,unit_price,discount_percent
I000001,O00001,P0421,4,46.17,18.38
I000002,O00001,P0328,3,58.1,14.83
I000003,O00002,P0289,4,341.64,9.84
I000004,O00002,P0204,4,429.4,22.11
I000005,O00002,P0087,2,169.08,0.57
I000006,O00003,P0092,2,62.52,21.3
I000007,O00003,P0474,-2,176.09,15.01
I000008,O00004,P0092,2,83.62,2.93
I000009,O00004,P0377,5,305.41,23.0
I000010,O00005,P0507,2,129.74,20.34
I000011,O00005,P0122,3,280.89,12.35
I000012,O00005,P0230,2,29.35,5.17
I000013,O00005,P0209,2,426.96,7.07
I000014,O00006,P0429,4,365.21,0.72
I000015,O00006,P0185,3,172.62,11.27
I000016,O00007,P0379,1,262.62,3.33
I000017,O00007,P0470,3,85.39,9.94
I000018,O00008,P0393,5,131.76,2.38
I000019,O00008,P0434,1,88.08,23.28
I000020,O00009,P0363,5,143.63,7.56
I000021,O00009,P0047,4,376.64,3.31
I000022,O00009,P0006,5,107.93,4.48
I000023,O00009,P0260,2,78.3,23.26
I000024,O00010,P0136,4,83.03,2.92
I000025,O00010,P0092,1,84.59,12.48
I000026,O00010,P0325,3,214.34,23.16
I000027,O00010,P0544,3,20.84,6.58
I000028,O00011,P0530,2,33.04,24.86
I000029,O00011,P0321,2,97.83,23.07
I000030,O00011,P0447,4,72.6,3.72
I000031,O00012,P0188,4,59.89,17.65
I000032,O00012,P0037,4,264.52,22.38
I000033,O00013,P0042,4,121.65,21.15
I000034,O00013,P0453,2,25.47,2.34
I000035,O00013,P0366,3,211.1,4.21
I000036,O00013,P0497,5,205.85,14.08
I000037,O00014,P0005,5,128.98,23.01
I000038,O00014,P0539,2,229.87,16.92
I000039,O00015,P0027,4,247.02,23.23
I000040,O00015,P0292,1,346.33,3.84
I000041,O00015,P0125,1,148.18,17.69
I000042,O00016,P0465,1,292.52,23.77
I000043,O00016,P0276,3,68.6,25.0
I000044,O00016,P0006,5,113.19,21.58
I000045,O00016,P0338,3,136.1,1.39
I000046,O00017,P0391,1,98.32,4.45
I000047,O00018,P0092,4,78.46,7.12
I000048,O00018,P0022,2,22.97,12.27
I000049,O00018,P0214,4,132.89,23.04
I000050,O00018,P0167,5,268.74,16.64
I000051,O00019,P0525,4,336.15,11.91
I000052,O00019,P0205,5,119.15,2.26
I000053,O00019,P0502,4,142.1,15.35
I000054,O00020,P0437,3,172.7,16.91
I000055,O00020,P0096,2,119.65,13.18
I000056,O00020,P0042,5,99.65,11.71
I000057,O00020,P0526,-2,132.32,24.6
I000058,O00021,P0255,3,8.42,13.77
I000059,O00021,P0536,1,271.97,12.77
I000060,O00021,P0438,4,127.4,16.52
I000061,O00022,P0364,5,34.25,18.51
I000062,O00022,P0261,4,73.24,4.56
I000063,O00022,P0084,4,125.53,10.41
I000064,O00023,P0322,5,384.27,8.53
I000065,O00023,P0466,2,235.43,1.96
I000066,O00023,P0461,5,18.24,16.84
I000067,O00024,P0019,1,116.79,11.93
I000068,O00024,P0006,4,157.27,24.15
I000069,O00024,P0405,5,293.13,7.57
I000070,O00024,P0120,-2,61.13,24.08
I000071,O00025,P0310,1,247.86,20.4
I000072,O00025,P0090,2,343.57,5.23
I000073,O00025,P0129,2,330.55,10.89
I000074,O00025,P0139,5,149.64,7.52
I000075,O00026,P0152,1,233.35,3.81
I000076,O00026,P0486,4,413.77,11.79
I000077,O00026,P0433,4,186.56,5.03
I000078,O00026,P0023,5,246.68,9.79
I000079,O00027,P0009,4,131.53,18.43
I000080,O00027,P0106,5,250.61,24.98
I000081,O00027,P0443,1,71.57,12.15
I000082,O00028,P0238,4,247.96,13.83
I000083,O00028,P0063,3,40.11,10.43
I000084,O00028,P0541,4,202.82,15.57
I000085,O00028,P0020,3,351.17,10.91
I000086,O00029,P0295,4,270.8,5.8
I000087,O00029,P0197,2,271.1,17.12
I000088,O00030,P0135,3,79.08,19.99
I000089,O00030,P0301,2,277.95,7.06
I000090,O00030,P0400,1,208.26,3.23
I000091,O00030,P0427,2,260.01,12.3
I000092,O00031,P0506,5,208.57,0.45
I000093,O00031,P0311,3,108.88,3.97
I000094,O00031,P0241,5,284.14,1.59
I000095,O00031,P0215,4,261.41,5.67
I000096,O00032,P0499,3,194.26,19.23
I000097,O00032,P0265,5,154.97,3.78
I000098,O00033,P0052,4,370.43,24.07
I000099,O00034,P0109,5,269.33,21.46
I000100,O00035,P0043,5,213.14,15.75
I000101,O00036,P0371,3,61.03,19.05
I000102,O00036,P0161,4,43.71,2.48
I000103,O00037,P0343,2,109.11,10.39
I000104,O00037,P0142,1,186.68,20.23
I000105,O00037,P0126,3,16.69,4.28
I000106,O00038,P0382,2,278.93,18.84
I000107,O00038,P0425,-1,159.08,10.72
I000108,O00038,P0370,4,280.88,23.8
I000109,O00039,P0031,1,43.82,12.93
I000110,O00039,P0454,1,185.84,7.87
I000111,O00039,P0150,2,260.24,9.83
I000112,O00040,P0155,5,269.7,15.79
I000113,O00041,P0430,3,106.58,0.2
I000114,O00041,P0412,3,228.31,15.26
I000115,O00041,P0312,2,148.85,11.15
I000116,O00042,P0453,4,34.24,22.02
I000117,O00042,P0354,1,66.29,8.36
I000118,O00043,P0533,2,237.64,13.79
I000119,O00043,P0291,5,75.4,15.89
I000120,O00044,P0029,5,322.36,6.03
I000121,O00045,P0433,1,206.87,6.49
I000122,O00045,P0518,5,290.64,1.19
I000123,O00045,P0114,1,280.61,14.31
I000124,O00046,P0465,3,331.93,20.13
I000125,O00047,P0359,3,338.55,20.38
I000126,O00047,P0307,5,235.02,17.86
I000127,O00048,P0108,5,22.16,20.57
I000128,O00048,P0336,3,288.45,3.66
I000129,O00049,P0422,4,298.29,11.91
I000130,O00049,P0084,4,127.8,16.92
I000131,O00049,P0095,4,382.06,12.97
I000132,O00049,P0064,4,76.26,14.61
I000133,O00050,P0451,2,9.32,12.12
I000134,O00050,P0502,4,104.57,17.61
I000135,O00050,P0427,5,254.84,5.32
I000136,O00050,P0167,-1,355.73,23.6
I000137,O00051,P0122,1,292.03,7.24
I000138,O00051,P0419,5,227.97,9.29
I000139,O00051,P0113,3,51.08,12.15
I000140,O00052,P0146,1,419.14,7.63
I000141,O00052,P0432,3,188.55,20.48
I000142,O00053,P0003,1,49.78,14.33
I000143,O00053,P0126,5,18.04,8.45
I000144,O00053,P0358,4,48.26,18.0
I000145,O00053,P0070,5,169.78,3.46
I000146,O00054,P0461,1,23.09,16.61
I000147,O00054,P0460,4,246.87,22.51
I000148,O00054,P0153,3,307.72,23.95
I000149,O00054,P0334,4,306.11,16.15
I000150,O00055,P0026,5,276.08,16.1
I000151,O00055,P0317,1,109.8,15.47
I000152,O00056,P0535,2,75.33,12.57
I000153,O00057,P0124,5,91.36,0.47
I000154,O00058,P0252,1,238.18,15.17
I000155,O00058,P0455,4,238.22,12.29
I000156,O00059,P0349,4,216.64,0.6
I000157,O00060,P0392,1,99.46,13.54
I000158,O00060,P0264,3,185.62,6.39
I000159,O00060,P0094,1,30.26,23.8
I000160,O00061,P0061,2,134.95,1.46
I000161,O00061,P0334,4,228.25,3.56
I000162,O00062,P0265,1,150.03,18.8
I000163,O00062,P0385,5,82.83,12.72
I000164,O00062,P0124,5,100.99,2.88
I000165,O00063,P0326,-3,22.27,12.1
I000166,O00064,P0240,2,311.25,16.29
I000167,O00064,P0020,2,328.41,10.17
I000168,O00064,P0276,1,66.05,12.51
I000169,O00064,P0104,-2,326.57,4.2
I000170,O00065,P0434,1,85.61,11.62
I000171,O00065,P0463,5,262.28,24.3
I000172,O00066,P0062,4,102.56,6.27
I000173,O00067,P0360,1,148.09,13.35
I000174,O00067,P0218,1,95.17,9.88
I000175,O00067,P0523,1,277.5,18.13
I000176,O00067,P0289,3,423.29,5.27
I000177,O00068,P0351,3,184.18,24.58
I000178,O00068,P0268,3,270.91,23.97
I000179,O00068,P0464,3,121.07,17.3
I000180,O00069,P0488,1,96.62,16.82
I000181,O00070,P0501,5,199.11,20.8
I000182,O00070,P0403,4,72.32,8.82
I000183,O00070,P0084,4,179.64,8.95
I000184,O00070,P0080,2,193.64,20.3
I000185,O00071,P0128,4,206.94,4.82
I000186,O00072,P0227,1,19.81,17.01
I000187,O00073,P0197,2,230.45,12.35
I000188,O00073,P0093,3,238.39,12.32
I000189,O00073,P0311,5,101.3,4.9
I000190,O00074,P0114,2,293.65,16.5
I000191,O00074,P0285,5,284.03,15.07
I000192,O00074,P0513,2,45.25,3.21
I000193,O00074,P0506,1,217.8,23.34
I000194,O00075,P0536,2,311.79,0.58
I000195,O00075,P0281,5,58.1,17.02
I000196,O00076,P0003,4,59.49,10.17
I000197,O00076,P0438,1,167.44,11.66
I000198,O00076,P0054,3,170.05,1.09
I000199,O00076,P0331,2,128.59,22.96
I000200,O00077,P0324,3,274.66,14.3
I000201,O00077,P0006,1,164.52,5.64
I000202,O00077,P0402,4,11.73,22.92
I000203,O00077,P0200,2,192.79,7.77
I000204,O00078,P0029,4,300.45,0.6
I000205,O00079,P0257,4,126.06,8.52
I000206,O00079,P0254,-2,49.01,5.92
I000207,O00079,P0111,1,134.29,15.49
I000208,O00080,P0458,5,262.71,24.36
I000209,O00081,P0387,3,197.61,17.33
I000210,O00082,P0064,1,59.79,15.65
I000211,O00082,P0453,1,25.18,1.39
I000212,O00083,P0302,4,196.03,15.43
I000213,O00084,P0239,4,356.22,22.0
I000214,O00084,P0011,5,46.96,16.27
I000215,O00084,P0465,1,268.15,8.2
I000216,O00084,P0394,2,18.03,0.31
I000217,O00085,P0199,5,36.64,12.72
I000218,O00086,P0432,2,191.17,19.93
I000219,O00086,P0493,1,193.65,14.61
I000220,O00086,P0456,5,427.6,18.86
I000221,O00087,P0150,3,280.23,7.28
I000222,O00087,P0151,1,101.91,16.44
I000223,O00087,P0481,2,209.79,12.68
I000224,O00088,P0433,3,155.67,5.01
I000225,O00089,P0071,2,100.12,17.37
I000226,O00089,P0350,4,252.15,8.28
I000227,O00090,P0307,-1,214.02,19.73
I000228,O00090,P0429,1,322.93,23.0
I000229,O00090,P0337,2,330.2,11.66
I000230,O00091,P0245,3,57.07,9.4
I000231,O00091,P0493,4,199.43,24.75
I000232,O00092,P0011,1,58.34,3.56
I000233,O00092,P0076,4,154.47,14.64
I000234,O00092,P0367,3,169.19,0.74
I000235,O00093,P0291,2,94.87,17.97
I000236,O00093,P0179,3,163.98,6.15
I000237,O00094,P0023,3,254.39,0.52
I000238,O00094,P0181,2,257.94,19.69
I000239,O00095,P0347,2,253.41,6.0
I000240,O00096,P0176,1,45.03,22.07
I000241,O00096,P0540,2,50.77,4.79
I000242,O00096,P0445,4,311.75,7.95
I000243,O00097,P0251,2,279.5,1.33
I000244,O00097,P0048,3,22.21,21.29
I000245,O00097,P0194,5,288.52,5.23
I000246,O00097,P0302,1,230.61,19.77
I000247,O00098,P0172,5,274.62,22.06
I000248,O00099,P0511,2,273.21,9.35
I000249,O00099,P0532,4,247.64,12.37
I000250,O00099,P0476,3,262.76,15.95
I000251,O00100,P0213,2,370.23,11.3
I000252,O00101,P0406,3,152.01,9.43
I000253,O00101,P0224,2,53.46,9.35
I000254,O00102,P0138,1,146.03,12.97
I000255,O00103,P0043,5,271.78,10.65
I000256,O00103,P0477,4,176.14,9.19
I000257,O00104,P0325,2,188.27,6.64
I000258,O00104,P0280,1,249.04,2.06
I000259,O00104,P0392,5,82.56,16.09
I000260,O00104,P0026,3,308.26,2.46
I000261,O00105,P0369,1,98.29,8.34
I000262,O00106,P0257,2,155.4,24.95
I000263,O00106,P0310,5,339.11,0.21
I000264,O00106,P0282,3,171.25,8.67
I000265,O00107,P0416,2,372.46,5.69
I000266,O00107,P0013,2,291.3,12.9
I000267,O00107,P0484,5,134.52,18.06
I000268,O00107,P0525,4,267.17,2.15
I000269,O00108,P0440,2,156.1,21.32
I000270,O00108,P0428,1,228.63,14.44
I000271,O00109,P0313,4,224.22,20.86
I000272,O00109,P0010,3,158.65,10.64
I000273,O00110,P0307,2,185.09,23.82
I000274,O00110,P0334,3,285.62,19.98
I000275,O00110,P0024,5,140.01,9.77
I000276,O00110,P0033,4,294.87,9.77
I000277,O00111,P0193,5,279.91,15.98
I000278,O00111,P0487,3,65.28,2.61
I000279,O00111,P0112,-1,202.31,17.23
I000280,O00111,P0337,4,240.84,4.97
I000281,O00112,P0291,5,65.73,1.44
I000282,O00112,P0211,5,188.46,8.17
I000283,O00112,P0239,4,300.1,24.74
I000284,O00112,P0299,2,235.35,11.96
I000285,O00113,P0399,2,162.43,5.14
I000286,O00114,P0487,5,87.13,11.47
I000287,O00114,P0163,2,110.93,3.57
I000288,O00114,P0318,1,227.56,15.12
I000289,O00114,P0208,2,312.73,22.76
I000290,O00115,P0472,3,316.72,22.97
I000291,O00115,P0474,3,182.16,17.79
I000292,O00115,P0041,3,279.44,20.59
I000293,O00115,P0094,2,34.36,4.49
I000294,O00116,P0469,4,373.41,1.09
I000295,O00116,P0394,2,19.63,15.7
I000296,O00116,P0188,3,71.88,1.67
I000297,O00116,P0098,2,147.78,10.28
I000298,O00117,P0378,1,240.95,12.61
I000299,O00118,P0420,3,194.2,1.12
I000300,O00118,P0462,1,292.24,17.36
I000301,O00118,P0169,4,54.02,18.65
I000302,O00119,P0407,1,161.45,17.73
I000303,O00119,P0039,2,40.54,18.72
I000304,O00120,P0473,4,253.47,20.51
I000305,O00120,P0070,2,173.16,0.45
I000306,O00120,P0085,1,177.93,3.1
I000307,O00120,P0249,4,179.82,16.78
I000308,O00121,P0280,2,258.59,4.45
I000309,O00122,P0222,4,262.82,20.91
I000310,O00123,P0400,3,189.19,14.96
I000311,O00124,P0387,2,200.49,9.37
I000312,O00125,P0205,1,110.17,24.73
I000313,O00125,P0094,3,40.74,17.0
I000314,O00126,P0226,1,258.16,20.76
I000315,O00127,P0172,4,290.46,20.39
I000316,O00127,P0046,3,54.86,4.74
I000317,O00128,P0405,1,235.15,2.65
I000318,O00128,P0439,3,207.92,10.05
I000319,O00129,P0013,4,258.28,16.45
I000320,O00129,P0399,3,206.9,9.22
I000321,O00129,P0218,1,122.07,10.28
I000322,O00130,P0105,5,94.86,15.77
I000323,O00130,P0176,4,58.38,24.31
I000324,O00130,P0258,-2,158.8,19.04
I000325,O00130,P0098,3,151.61,16.66
I000326,O00131,P0344,1,40.48,14.63
I000327,O00132,P0524,2,107.07,18.97
I000328,O00132,P0239,1,288.67,18.45
I000329,O00132,P0516,-3,20.05,3.44
I000330,O00132,P0014,4,124.85,3.79
I000331,O00133,P0039,5,53.33,11.09
I000332,O00133,P0244,3,32.86,7.94
I000333,O00134,P0534,4,233.8,7.21
I000334,O00135,P0235,3,251.26,5.15
I000335,O00136,P0255,2,8.56,9.54
I000336,O00137,P0188,1,77.88,1.75
I000337,O00137,P0453,2,24.51,24.8
I000338,O00137,P0007,2,90.6,4.34
I000339,O00138,P0242,1,139.52,11.68
I000340,O00138,P0520,2,229.25,6.12
I000341,O00139,P0255,3,8.45,24.19
I000342,O00139,P0311,2,104.52,19.53
I000343,O00140,P0369,4,91.14,11.77
I000344,O00141,P0518,1,346.41,10.68
I000345,O00141,P0444,1,110.39,23.04
I000346,O00141,P0160,5,355.31,13.82
I000347,O00141,P0494,2,286.96,11.59
I000348,O00142,P0291,3,68.11,11.73
I000349,O00142,P0385,2,110.89,0.1
I000350,O00142,P0493,5,255.18,9.36
I000351,O00142,P0074,4,266.35,23.51
I000352,O00143,P0394,5,17.68,22.12
I000353,O00143,P0502,1,118.63,14.14
I000354,O00143,P0316,2,97.42,23.93
I000355,O00144,P0522,1,379.05,23.16
I000356,O00144,P0501,2,222.49,0.86
I000357,O00144,P0378,3,229.07,16.91
I000358,O00145,P0268,2,276.88,15.05
I000359,O00145,P0467,2,104.55,19.27
I000360,O00146,P0408,4,188.34,10.67
I000361,O00146,P0083,3,42.33,13.33
I000362,O00146,P0531,4,126.52,18.35
I000363,O00146,P0194,1,204.13,14.32
I000364,O00147,P0147,4,66.95,0.16
I000365,O00147,P0276,2,65.29,0.04
I000366,O00147,P0215,1,353.0,10.45
I000367,O00148,P0296,3,222.16,3.36
I000368,O00148,P0442,4,134.74,23.71
I000369,O00148,P0175,4,222.01,5.31
I000370,O00148,P0181,2,219.52,4.57
I000371,O00149,P0266,4,59.17,15.61
I000372,O00149,P0419,2,219.26,2.14
I000373,O00150,P0284,1,168.38,14.64
I000374,O00151,P0497,3,200.23,0.18
I000375,O00151,P0104,5,361.75,1.05
I000376,O00151,P0010,2,182.26,0.18
I000377,O00151,P0063,-3,41.53,19.03
I000378,O00152,P0485,3,112.99,8.58
I000379,O00152,P0346,3,203.61,23.52
I000380,O00152,P0440,4,151.84,1.43
I000381,O00152,P0345,3,169.09,20.16
I000382,O00153,P0468,4,98.0,22.2
I000383,O00154,P0027,5,236.17,17.48
I000384,O00154,P0126,2,17.35,15.46
I000385,O00155,P0528,3,235.52,9.01
I000386,O00155,P0424,1,270.51,18.4
I000387,O00155,P0193,4,205.26,12.11
I000388,O00155,P0004,5,76.91,8.71
I000389,O00156,P0103,2,245.06,21.91
I000390,O00156,P0395,5,207.69,12.45
I000391,O00156,P0301,1,240.7,16.83
I000392,O00156,P0200,5,274.81,11.67
I000393,O00157,P0119,2,26.58,23.61
I000394,O00157,P0494,1,265.46,24.83
I000395,O00157,P0247,1,177.46,23.22
I000396,O00157,P0250,4,391.98,5.51
I000397,O00158,P0488,5,86.93,12.3
I000398,O00158,P0127,3,196.23,23.29
I000399,O00158,P0140,5,203.73,8.58
I000400,O00159,P0448,1,39.6,2.78
I000401,O00159,P0239,3,348.64,23.43
I000402,O00159,P0229,1,49.74,3.19
I000403,O00159,P0266,3,67.25,14.42
I000404,O00160,P0319,1,10.98,4.75
I000405,O00161,P0434,5,117.66,14.77
I000406,O00161,P0328,1,64.73,13.46
I000407,O00161,P0374,4,208.21,20.4
I000408,O00161,P0130,3,46.0,12.5
I000409,O00162,P0151,5,93.11,12.56
I000410,O00162,P0291,-2,98.85,17.66
I000411,O00162,P0150,4,283.5,5.39
I000412,O00162,P0036,3,369.32,9.42
I000413,O00163,P0157,1,384.56,19.4
I000414,O00163,P0216,4,346.86,7.48
I000415,O00163,P0231,2,318.68,13.7
I000416,O00164,P0433,4,171.17,13.2
I000417,O00164,P0485,3,94.57,23.08
I000418,O00164,P0357,5,83.08,3.27
I000419,O00165,P0312,4,146.1,14.43
I000420,O00166,P0495,2,123.24,4.89
I000421,O00166,P0299,1,217.57,21.4
I000422,O00166,P0149,1,165.45,24.71
I000423,O00166,P0215,2,297.87,24.57
I000424,O00167,P0058,3,394.14,4.49
I000425,O00167,P0099,1,281.68,12.89
I000426,O00168,P0445,2,228.18,6.02
I000427,O00168,P0153,4,275.98,14.9
I000428,O00168,P0414,2,263.12,9.38
I000429,O00169,P0475,4,257.33,16.33
I000430,O00170,P0012,1,81.19,16.04
I000431,O00170,P0123,5,22.54,14.67
I000432,O00170,P0120,5,55.88,17.34
I000433,O00171,P0186,4,325.97,16.11
I000434,O00172,P0306,1,118.43,21.56
I000435,O00172,P0129,5,267.03,20.32
I000436,O00172,P0102,1,268.26,20.44
I000437,O00172,P0334,5,275.89,12.97
I000438,O00173,P0213,1,270.98,14.98
I000439,O00174,P0006,3,112.81,3.22
I000440,O00174,P0458,2,335.92,2.2
I000441,O00175,P0036,5,308.76,24.16
I000442,O00175,P0087,2,207.08,23.63
I000443,O00175,P0128,1,195.13,1.15
I000444,O00176,P0456,3,359.12,24.65
I000445,O00176,P0144,3,134.93,12.76
I000446,O00176,P0503,1,80.38,1.12
I000447,O00177,P0193,2,212.04,20.82
I000448,O00178,P0222,3,202.26,15.56
I000449,O00178,P0368,1,361.58,6.52
I000450,O00179,P0410,1,67.05,16.91
I000451,O00179,P0468,2,90.56,1.76
I000452,O00180,P0198,5,200.34,20.54
I000453,O00180,P0382,3,401.02,10.84
I000454,O00180,P0524,1,163.45,6.19
I000455,O00181,P0128,1,202.96,2.22
I000456,O00181,P0113,3,62.79,3.66
I000457,O00181,P0417,2,202.12,2.45
I000458,O00182,P0388,1,210.57,18.21
I000459,O00182,P0108,3,22.22,20.17
I000460,O00183,P0542,3,98.23,21.63
I000461,O00184,P0102,3,336.81,9.74
I000462,O00184,P0050,3,66.05,16.95
I000463,O00184,P0175,5,220.54,22.05
I000464,O00185,P0489,5,338.69,16.44
I000465,O00185,P0131,2,273.74,18.39
I000466,O00185,P0266,1,66.37,15.98
I000467,O00185,P0010,3,196.98,6.23
I000468,O00186,P0469,4,343.69,6.9
I000469,O00186,P0188,4,67.57,17.96
I000470,O00186,P0450,2,240.23,21.45
I000471,O00186,P0363,3,130.82,7.82
I000472,O00187,P0082,1,32.65,23.62
I000473,O00188,P0059,3,45.08,12.32
I000474,O00188,P0087,1,258.0,10.6
I000475,O00189,P0492,5,382.42,16.92
I000476,O00189,P0510,5,177.83,10.14
I000477,O00190,P0008,5,254.53,6.11
I000478,O00190,P0436,5,233.79,1.06
I000479,O00191,P0173,1,342.61,3.33
I000480,O00191,P0537,3,312.55,10.57
I000481,O00191,P0231,4,223.95,24.24
I000482,O00191,P0180,3,90.15,6.24
I000483,O00192,P0298,3,353.75,6.62
I000484,O00193,P0404,2,73.17,23.23
I000485,O00194,P0475,5,329.46,1.44
I000486,O00195,P0472,3,271.1,2.68
I000487,O00196,P0191,1,115.28,12.3
I000488,O00196,P0412,1,196.57,22.46
I000489,O00196,P0364,4,36.31,12.19
I000490,O00197,P0257,4,135.91,7.48
I000491,O00197,P0232,4,253.05,13.41
I000492,O00198,P0112,2,238.44,10.85
I000493,O00198,P0450,3,307.21,17.73
I000494,O00198,P0166,1,153.66,1.01
I000495,O00199,P0432,2,258.17,23.99
I000496,O00199,P0340,3,166.94,12.23
I000497,O00199,P0033,4,383.87,17.86
I000498,O00199,P0165,3,242.42,19.51
I000499,O00200,P0514,1,219.27,3.15
I000500,O00200,P0399,3,194.08,19.18
I000501,O00200,P0135,2,56.15,20.75
I000502,O00200,P0113,4,67.68,18.44
I000503,O00201,P0492,1,394.22,6.19
I000504,O00201,P0297,2,388.77,4.67
I000505,O00201,P0289,3,405.45,21.6
I000506,O00201,P0498,2,142.62,10.73
I000507,O00202,P0106,5,240.37,3.72
I000508,O00202,P0515,1,97.04,0.96
I000509,O00202,P0186,2,390.33,10.66
I000510,O00202,P0194,5,213.95,21.61
I000511,O00203,P0418,2,215.8,11.98
I000512,O00203,P0538,-2,160.43,7.61
I000513,O00203,P0314,3,30.08,23.57
I000514,O00203,P0237,4,292.98,22.38
I000515,O00204,P0042,1,130.65,8.04
I000516,O00204,P0001,3,329.41,22.71
I000517,O00205,P0442,2,139.6,12.28
I000518,O00206,P0312,1,147.8,19.26
I000519,O00206,P0115,2,146.24,18.53
I000520,O00206,P0100,3,217.23,14.72
I000521,O00207,P0244,5,37.17,22.18
I000522,O00207,P0283,2,279.16,15.05
I000523,O00207,P0216,1,327.29,22.8
I000524,O00208,P0198,1,191.1,13.66
I000525,O00208,P0457,3,217.87,11.85
I000526,O00209,P0158,2,153.39,13.76
I000527,O00209,P0045,3,168.98,18.98
I000528,O00210,P0375,4,266.71,10.48
I000529,O00210,P0460,5,293.08,4.17
I000530,O00210,P0121,3,19.38,3.22
I000531,O00211,P0063,2,37.82,9.94
I000532,O00212,P0170,4,404.35,9.6
I000533,O00213,P0411,1,51.39,5.45
I000534,O00213,P0279,1,275.4,19.77
I000535,O00213,P0212,-3,112.24,13.13
I000536,O00213,P0189,3,16.51,7.41
I000537,O00214,P0122,1,314.42,7.3
I000538,O00214,P0176,2,64.68,6.94
I000539,O00214,P0230,2,27.21,19.77
I000540,O00215,P0216,1,335.92,15.82
I000541,O00215,P0119,3,28.69,23.66
I000542,O00216,P0137,3,321.6,15.65
I000543,O00216,P0419,1,307.5,5.48
I000544,O00216,P0302,3,175.72,24.29
I000545,O00217,P0392,3,95.49,15.86
I000546,O00218,P0453,3,27.42,14.54
I000547,O00218,P0226,4,193.64,5.79
I000548,O00219,P0378,4,186.18,4.63
I000549,O00219,P0152,2,236.1,12.26
I000550,O00219,P0491,2,244.1,0.53
I000551,O00219,P0096,2,117.64,20.44
I000552,O00220,P0072,1,60.84,11.38
I000553,O00220,P0147,4,50.71,13.17
I000554,O00221,P0103,4,199.95,2.75
I000555,O00222,P0045,2,128.13,2.09
I000556,O00223,P0014,1,139.71,20.46
I000557,O00223,P0010,1,156.81,12.01
I000558,O00224,P0168,2,138.97,13.59
I000559,O00224,P0315,3,215.06,3.08
I000560,O00224,P0340,1,165.53,7.42
I000561,O00224,P0491,5,268.23,10.38
I000562,O00225,P0230,-1,29.3,3.68
I000563,O00226,P0232,4,184.34,2.75
I000564,O00226,P0394,1,26.19,7.05
I000565,O00226,P0116,1,175.51,2.96
I000566,O00227,P0045,5,121.95,10.72
I000567,O00228,P0186,3,346.31,7.18
I000568,O00228,P0436,1,194.44,12.48
I000569,O00228,P0154,3,104.47,20.27
I000570,O00229,P0003,2,57.98,3.66
I000571,O00230,P0400,4,220.87,2.83
I000572,O00230,P0458,4,378.5,6.96
I000573,O00231,P0331,2,138.15,9.63
I000574,O00232,P0507,4,113.29,15.92
I000575,O00232,P0435,2,113.92,16.35
I000576,O00232,P0493,2,219.74,13.73
I000577,O00233,P0236,5,260.41,17.34
I000578,O00233,P0394,2,23.75,5.88
I000579,O00233,P0086,1,137.91,21.26
I000580,O00233,P0432,3,221.12,23.94
I000581,O00234,P0062,3,106.96,21.23
I000582,O00235,P0302,2,235.18,13.79
I000583,O00235,P0472,4,263.77,20.7
I000584,O00236,P0142,1,253.09,17.6
I000585,O00237,P0027,1,280.35,1.84
I000586,O00237,P0435,5,116.95,0.75
I000587,O00237,P0381,3,242.06,6.13
I000588,O00237,P0056,1,275.87,20.34
I000589,O00238,P0187,2,407.51,17.46
I000590,O00238,P0482,3,40.45,18.06
I000591,O00239,P0014,1,160.18,0.8
I000592,O00239,P0294,2,241.57,0.27
I000593,O00239,P0114,4,309.85,21.9
I000594,O00239,P0160,5,382.14,6.45
I000595,O00240,P0233,3,390.23,13.04
I000596,O00240,P0434,2,121.5,10.01
I000597,O00240,P0161,1,34.74,4.59
I000598,O00241,P0480,4,323.61,16.05
I000599,O00242,P0169,2,51.23,2.61
I000600,O00242,P0056,3,279.89,21.17
I000601,O00242,P0381,1,254.51,4.07
I000602,O00242,P0435,1,81.28,14.93
I000603,O00243,P0193,2,208.91,24.42
I000604,O00243,P0207,5,6.69,24.66
I000605,O00243,P0034,4,104.39,7.86
I000606,O00244,P0009,4,114.03,7.86
I000607,O00244,P0366,4,270.11,24.35
I000608,O00244,P0290,1,287.61,22.41
I000609,O00245,P0515,2,91.5,19.9
I000610,O00246,P0039,4,35.74,15.65
I000611,O00246,P0298,2,416.78,20.19
I000612,O00246,P0166,2,199.11,4.03
I000613,O00246,P0156,5,116.69,18.22
I000614,O00247,P0459,3,103.91,21.4
I000615,O00247,P0135,4,55.78,17.82
I000616,O00247,P0348,4,100.87,24.93
I000617,O00248,P0157,5,342.37,12.44
I000618,O00249,P0147,3,62.83,24.22
I000619,O00250,P0511,1,290.59,4.24
I000620,O00251,P0166,5,167.3,2.23
I000621,O00251,P0070,2,221.37,11.52
I000622,O00251,P0287,4,237.66,19.08
I000623,O00252,P0144,3,149.29,10.02
I000624,O00252,P0127,5,199.58,3.22
I000625,O00252,P0500,3,174.59,15.62
I000626,O00252,P0041,-2,239.65,10.33
I000627,O00253,P0270,5,169.52,21.33
I000628,O00253,P0044,3,83.22,14.25
I000629,O00253,P0059,1,38.66,21.85
I000630,O00253,P0251,1,282.33,11.71
I000631,O00254,P0112,4,284.99,4.99
I000632,O00254,P0088,3,29.01,8.56
I000633,O00254,P0185,5,194.21,17.56
I000634,O00254,P0111,4,99.39,11.36
I000635,O00255,P0482,2,37.74,0.78
I000636,O00255,P0150,5,300.41,1.56
I000637,O00256,P0441,1,319.28,0.57
I000638,O00256,P0485,4,94.0,15.89
I000639,O00256,P0219,1,254.23,6.85
I000640,O00257,P0306,4,125.94,13.12
I000641,O00258,P0189,4,13.3,18.83
I000642,O00258,P0056,2,232.16,23.55
I000643,O00258,P0095,-2,373.52,19.6
I000644,O00259,P0364,1,47.8,14.46
I000645,O00259,P0399,2,179.0,24.66
I000646,O00259,P0011,3,44.77,22.41
I000647,O00259,P0204,2,358.94,7.91
I000648,O00260,P0270,2,229.27,15.97
I000649,O00260,P0534,5,180.54,5.47
I000650,O00260,P0004,-2,73.98,19.36
I000651,O00260,P0462,5,340.52,8.7
I000652,O00261,P0015,3,103.62,22.42
I000653,O00261,P0380,5,376.9,3.12
I000654,O00262,P0467,3,152.42,10.65
I000655,O00262,P0424,3,185.94,4.4
I000656,O00262,P0421,4,44.0,13.82
I000657,O00262,P0361,2,254.81,9.54
I000658,O00263,P0291,1,86.44,15.41
I000659,O00263,P0102,4,232.28,18.75
I000660,O00263,P0090,5,352.49,2.49
I000661,O00263,P0107,4,231.14,20.15
I000662,O00264,P0431,4,137.1,2.86
I000663,O00264,P0217,4,151.19,8.77
I000664,O00264,P0229,4,46.34,20.51
I000665,O00265,P0008,3,205.82,16.47
I000666,O00265,P0384,3,173.25,19.88
I000667,O00265,P0230,4,32.58,0.1
I000668,O00265,P0520,4,165.84,0.66
I000669,O00266,P0532,2,271.91,24.82
I000670,O00266,P0326,-3,28.06,4.82
I000671,O00266,P0344,4,44.22,20.03
I000672,O00267,P0132,3,243.16,10.94
I000673,O00267,P0400,1,211.93,3.16
I000674,O00267,P0178,1,9.58,19.61
I000675,O00267,P0413,3,273.15,3.98
I000676,O00268,P0209,4,275.03,19.25
I000677,O00268,P0096,2,79.64,17.69
I000678,O00268,P0027,1,269.87,0.63
I000679,O00269,P0465,2,242.29,22.45
I000680,O00269,P0367,3,183.18,21.01
I000681,O00270,P0267,2,288.78,15.96
I000682,O00270,P0053,-1,206.73,23.18
I000683,O00270,P0282,1,156.66,7.06
I000684,O00270,P0085,2,170.21,12.36
I000685,O00271,P0213,4,356.41,10.34
I000686,O00271,P0401,4,220.41,1.91
I000687,O00271,P0104,4,303.22,7.84
I000688,O00272,P0165,2,233.63,15.78
I000689,O00272,P0185,1,162.43,8.57
I000690,O00272,P0306,3,107.47,15.35
I000691,O00272,P0011,5,44.54,13.04
I000692,O00273,P0125,5,119.12,12.79
I000693,O00273,P0198,2,205.76,9.12
I000694,O00273,P0031,2,31.7,3.46
I000695,O00274,P0130,3,36.05,4.98
I000696,O00275,P0357,5,92.99,11.68
I000697,O00276,P0447,3,77.37,17.18
I000698,O00276,P0525,3,345.83,2.57
I000699,O00276,P0410,5,51.41,19.85
I000700,O00276,P0198,4,228.26,11.15
I000701,O00277,P0327,4,106.84,8.82
I000702,O00277,P0111,1,117.07,22.24
I000703,O00277,P0393,5,131.55,10.25
I000704,O00278,P0408,2,250.95,10.73
I000705,O00278,P0031,2,37.48,1.82
I000706,O00278,P0118,3,286.91,19.49
I000707,O00279,P0010,3,195.46,17.92
I000708,O00280,P0477,2,186.47,9.64
I000709,O00280,P0330,5,217.95,5.44
I000710,O00281,P0077,3,202.08,4.95
I000711,O00281,P0432,1,244.33,12.47
I000712,O00281,P0446,3,305.36,3.1
I000713,O00282,P0335,2,275.4,7.13
I000714,O00282,P0393,5,179.36,22.79
I000715,O00283,P0135,5,82.85,0.98
I000716,O00283,P0413,1,192.68,2.38
I000717,O00283,P0038,4,287.75,6.87
I000718,O00284,P0410,4,58.84,9.83
I000719,O00284,P0082,4,29.56,16.03
I000720,O00284,P0321,1,109.93,23.44
I000721,O00285,P0030,-1,232.44,3.47
I000722,O00286,P0447,1,78.1,22.56
I000723,O00286,P0232,3,245.82,13.44
I000724,O00286,P0175,1,256.88,21.7
I000725,O00287,P0045,3,117.12,8.23
I000726,O00287,P0114,5,323.99,9.49
I000727,O00287,P0050,2,69.1,14.59
I000728,O00288,P0130,3,46.43,18.83
I000729,O00289,P0458,2,325.55,16.53
I000730,O00289,P0126,3,16.98,18.27
I000731,O00289,P0535,2,55.63,19.16
I000732,O00289,P0541,1,228.2,20.89
I000733,O00290,P0211,1,290.16,1.51
I000734,O00290,P0080,1,181.12,11.7
I000735,O00291,P0193,2,264.74,19.04
I000736,O00291,P0500,5,201.07,19.01
I000737,O00291,P0108,3,23.35,16.38
I000738,O00291,P0349,5,208.32,3.25
I000739,O00292,P0395,2,293.99,4.7
I000740,O00292,P0464,3,148.69,17.16
I000741,O00292,P0526,5,154.57,3.68
I000742,O00293,P0113,2,44.02,11.52
I000743,O00294,P0030,4,190.02,2.96
I000744,O00294,P0488,5,67.05,10.79
I000745,O00294,P0544,2,16.9,10.77
I000746,O00295,P0055,3,212.17,16.22
I000747,O00295,P0452,4,153.84,4.74
I000748,O00295,P0280,2,276.53,13.24
I000749,O00296,P0532,2,271.89,5.49
I000750,O00296,P0444,1,116.34,14.38
I000751,O00296,P0112,2,206.1,2.53
I000752,O00296,P0052,2,382.49,17.49
I000753,O00297,P0402,3,9.74,4.28
I000754,O00297,P0403,2,62.7,7.2
I000755,O00297,P0104,5,290.88,0.08
I000756,O00297,P0226,2,228.61,17.51
I000757,O00298,P0313,1,168.26,8.3
I000758,O00298,P0245,4,42.33,0.32
I000759,O00298,P0175,4,208.78,0.52
I000760,O00298,P0323,3,116.91,4.27
I000761,O00299,P0361,4,259.27,12.21
I000762,O00300,P0484,1,137.78,14.18
I000763,O00300,P0113,3,64.2,13.13
I000764,O00301,P0151,1,92.42,18.4
I000765,O00301,P0097,4,38.66,8.77
I000766,O00302,P0499,4,135.59,8.82
I000767,O00302,P0260,3,91.66,19.36
I000768,O00302,P0374,5,225.03,6.75
I000769,O00303,P0152,4,316.57,16.48
I000770,O00304,P0366,1,218.0,18.53
I000771,O00304,P0510,4,153.43,18.61
I000772,O00305,P0387,3,196.65,16.97
I000773,O00305,P0111,4,145.46,21.9
I000774,O00306,P0272,3,310.69,10.43
I000775,O00306,P0358,3,44.69,1.03
I000776,O00307,P0126,5,22.22,19.81
I000777,O00307,P0444,3,82.07,0.21
I000778,O00307,P0466,2,265.77,3.76
I000779,O00308,P0167,3,259.31,7.37
I000780,O00308,P0311,4,92.69,7.08
I000781,O00308,P0499,5,143.95,12.21
I000782,O00309,P0441,3,391.62,0.02
I000783,O00310,P0142,5,225.6,19.22
I000784,O00310,P0359,2,378.4,17.83
I000785,O00310,P0291,2,98.82,4.92
I000786,O00311,P0298,2,282.92,23.32
I000787,O00312,P0396,4,372.66,2.45
I000788,O00312,P0433,3,213.1,14.93
I000789,O00313,P0447,5,76.03,19.19
I000790,O00313,P0331,3,134.88,13.86
I000791,O00314,P0313,5,234.36,11.53
I000792,O00314,P0088,2,33.94,21.9
I000793,O00314,P0305,4,158.69,13.16
I000794,O00315,P0516,3,23.83,10.51
I000795,O00315,P0367,4,208.14,22.81
I000796,O00315,P0480,1,423.74,10.52
I000797,O00316,P0310,5,288.5,3.18
I000798,O00316,P0249,5,247.7,21.95
I000799,O00317,P0403,2,64.34,0.15
I000800,O00318,P0056,1,248.07,2.43
I000801,O00318,P0087,3,220.53,17.26
I000802,O00318,P0057,1,297.93,14.62
I000803,O00318,P0277,5,212.81,1.33
I000804,O00319,P0529,5,252.88,12.38
I000805,O00319,P0148,2,350.39,15.99
I000806,O00320,P0309,1,71.4,15.59
I000807,O00320,P0319,2,8.77,0.0
I000808,O00321,P0533,1,257.34,2.59
I000809,O00322,P0518,4,295.6,23.15
I000810,O00323,P0415,2,98.55,13.67
I000811,O00323,P0496,5,58.01,21.48
I000812,O00323,P0189,5,11.92,3.66
I000813,O00324,P0190,2,95.44,16.44
I000814,O00325,P0524,4,134.53,7.24
I000815,O00325,P0206,1,307.88,12.32
I000816,O00326,P0401,4,176.6,10.62
I000817,O00326,P0396,1,279.57,3.0
I000818,O00326,P0110,4,260.1,7.57
I000819,O00327,P0044,4,79.39,24.54
I000820,O00327,P0364,3,43.54,21.53
I000821,O00327,P0143,-2,135.69,13.13
I000822,O00327,P0480,5,284.7,16.4
I000823,O00328,P0348,3,128.29,16.46
I000824,O00328,P0471,4,27.15,20.98
I000825,O00328,P0144,4,121.89,11.79
I000826,O00329,P0520,3,174.74,8.1
I000827,O00329,P0539,5,191.81,15.44
I000828,O00330,P0070,2,166.55,2.66
I000829,O00330,P0047,4,322.99,5.79
I000830,O00330,P0031,2,33.03,22.02
I000831,O00330,P0163,4,157.66,10.5
I000832,O00331,P0064,5,58.32,0.94
I000833,O00332,P0453,-3,32.3,0.74
I000834,O00333,P0329,4,189.28,24.72
I000835,O00333,P0111,5,122.72,4.89
I000836,O00334,P0449,2,288.16,13.21
I000837,O00334,P0293,2,224.52,0.61
I000838,O00334,P0231,1,227.76,20.25
I000839,O00334,P0207,1,7.85,10.2
I000840,O00335,P0349,2,272.4,23.94
I000841,O00336,P0195,3,23.24,22.49
I000842,O00336,P0213,2,357.27,10.97
I000843,O00336,P0486,4,400.16,14.23
I000844,O00336,P0513,2,62.94,7.46
I000845,O00337,P0511,2,237.89,13.51
I000846,O00338,P0230,-2,28.81,8.95
I000847,O00339,P0295,5,300.47,21.33
I000848,O00339,P0077,5,177.56,9.98
I000849,O00340,P0114,5,283.42,22.93
I000850,O00341,P0031,4,35.77,8.36
I000851,O00341,P0034,1,109.78,13.68
I000852,O00341,P0347,3,329.05,16.58
I000853,O00342,P0242,4,117.07,23.7
I000854,O00343,P0355,1,157.73,14.95
I000855,O00344,P0491,2,206.02,1.04
I000856,O00345,P0509,5,235.43,8.76
I000857,O00346,P0311,1,130.21,20.28
I000858,O00346,P0234,5,272.96,9.48
I000859,O00346,P0022,1,28.22,1.3
I000860,O00346,P0057,4,388.38,10.74
I000861,O00347,P0142,5,254.99,9.19
I000862,O00347,P0119,-2,30.22,1.45
I000863,O00347,P0449,2,243.42,0.25
I000864,O00347,P0121,4,19.78,22.21
I000865,O00348,P0016,2,168.07,1.92
I000866,O00349,P0450,-1,241.26,15.06
I000867,O00349,P0185,2,238.28,3.24
I000868,O00350,P0491,5,199.49,17.63
I000869,O00350,P0126,3,21.65,21.47
I000870,O00350,P0079,4,154.74,23.54
I000871,O00350,P0257,5,129.47,16.34
I000872,O00351,P0327,1,114.81,10.27
I000873,O00351,P0516,5,24.47,1.96
I000874,O00351,P0107,2,265.52,13.02
I000875,O00352,P0216,2,250.78,5.88
I000876,O00352,P0126,4,19.64,11.34
I000877,O00352,P0382,1,260.0,20.91
I000878,O00353,P0285,1,212.77,21.36
I000879,O00353,P0394,4,21.76,21.57
I000880,O00353,P0308,4,171.55,5.61
I000881,O00354,P0189,1,14.55,8.7
I000882,O00354,P0442,1,185.02,18.86
I000883,O00354,P0054,3,200.21,22.69
I000884,O00354,P0313,5,172.6,0.68
I000885,O00355,P0438,3,179.63,23.45
I000886,O00355,P0059,4,42.55,17.98
I000887,O00355,P0112,5,227.92,24.01
I000888,O00355,P0398,4,154.48,23.12
I000889,O00356,P0016,3,120.74,6.25
I000890,O00356,P0288,5,25.33,14.28
I000891,O00357,P0281,3,49.68,6.26
I000892,O00358,P0128,3,226.08,8.02
I000893,O00359,P0184,1,112.09,11.66
I000894,O00359,P0455,3,227.25,21.11
I000895,O00359,P0474,2,160.64,14.49
I000896,O00360,P0284,5,185.07,23.83
I000897,O00361,P0185,4,163.3,15.76
I000898,O00361,P0265,2,200.91,16.4
I000899,O00361,P0283,-1,282.08,4.61
I000900,O00361,P0266,5,64.94,14.5
I000901,O00362,P0234,1,312.41,24.8
I000902,O00363,P0017,5,197.06,2.73
I000903,O00363,P0362,5,262.91,12.78
I000904,O00363,P0046,2,46.43,14.26
I000905,O00364,P0074,1,207.13,19.7
I000906,O00364,P0437,3,172.82,22.43
I000907,O00364,P0290,3,306.69,24.34
I000908,O00364,P0147,5,48.83,9.21
I000909,O00365,P0154,-1,99.64,12.77
I000910,O00365,P0027,5,294.27,17.82
I000911,O00365,P0109,2,243.2,14.57
I000912,O00366,P0391,1,123.71,24.81
I000913,O00366,P0081,5,102.71,14.36
I000914,O00367,P0125,5,152.17,7.92
I000915,O00367,P0541,2,280.14,7.33
I000916,O00367,P0053,2,230.67,19.98
I000917,O00367,P0484,3,106.48,7.87
I000918,O00368,P0247,4,230.12,22.01
I000919,O00369,P0082,1,35.06,16.33
I000920,O00369,P0361,5,220.38,19.66
I000921,O00369,P0518,2,320.05,20.67
I000922,O00370,P0251,5,324.58,15.14
I000923,O00370,P0418,3,216.35,2.95
I000924,O00371,P0432,2,253.56,21.91
I000925,O00371,P0518,1,264.96,10.47
I000926,O00371,P0152,5,299.1,11.75
I000927,O00371,P0507,1,90.58,0.85
I000928,O00372,P0025,5,82.49,22.97
I000929,O00372,P0171,-2,49.42,17.42
I000930,O00372,P0075,2,89.83,2.98
I000931,O00372,P0136,3,102.56,15.42
I000932,O00373,P0076,3,213.9,22.77
I000933,O00374,P0447,2,99.31,14.74
I000934,O00374,P0297,5,288.34,22.39
I000935,O00374,P0489,5,322.3,16.85
I000936,O00374,P0138,4,151.99,10.96
I000937,O00375,P0100,4,182.48,14.1
I000938,O00375,P0238,5,248.32,21.1
I000939,O00375,P0305,4,174.79,9.6
I000940,O00376,P0147,2,59.67,6.96
I000941,O00376,P0043,5,236.9,8.68
I000942,O00377,P0122,3,308.01,5.59
I000943,O00377,P0295,2,263.7,22.94
I000944,O00378,P0238,3,201.93,5.17
I000945,O00379,P0029,5,314.91,4.88
I000946,O00379,P0041,4,336.53,0.64
I000947,O00380,P0289,4,366.15,20.78
I000948,O00380,P0437,3,169.22,17.91
I000949,O00381,P0456,4,354.51,2.17
I000950,O00382,P0286,3,125.51,18.61
I000951,O00382,P0120,2,62.04,8.18
I000952,O00383,P0283,1,288.15,7.87
I000953,O00383,P0465,1,265.65,23.31
I000954,O00383,P0526,5,133.41,21.04
I000955,O00384,P0009,2,95.77,9.41
I000956,O00385,P0201,4,162.72,20.35
I000957,O00385,P0272,4,295.09,4.96
I000958,O00386,P0529,2,178.6,1.68
I000959,O00387,P0183,4,238.33,15.33
I000960,O00387,P0040,5,317.94,8.72
I000961,O00388,P0308,3,188.91,12.26
I000962,O00388,P0238,4,250.22,13.59
I000963,O00389,P0099,3,326.8,11.18
I000964,O00389,P0225,2,318.56,2.9
I000965,O00389,P0116,-2,178.82,8.69
I000966,O00390,P0132,2,191.23,6.7
I000967,O00390,P0496,2,62.95,19.57
I000968,O00390,P0501,1,257.87,8.08
I000969,O00390,P0422,3,244.73,20.23
I000970,O00391,P0409,4,17.04,8.5
I000971,O00391,P0267,1,250.35,10.25
I000972,O00391,P0056,5,312.03,13.4
I000973,O00391,P0275,1,428.76,15.33
I000974,O00392,P0133,4,198.99,17.62
I000975,O00392,P0021,3,105.63,13.82
I000976,O00392,P0022,1,27.81,9.05
I000977,O00393,P0161,2,35.98,4.04
I000978,O00393,P0406,3,145.53,5.39
I000979,O00394,P0014,1,152.56,13.16
I000980,O00394,P0037,5,304.07,12.12
I000981,O00395,P0290,1,273.74,19.31
I000982,O00395,P0309,2,50.0,18.75
I000983,O00396,P0411,1,49.1,18.05
I000984,O00396,P0135,4,55.17,18.57
I000985,O00396,P0277,5,201.4,3.8
I000986,O00396,P0087,5,241.99,4.86
I000987,O00397,P0332,1,280.11,11.47
I000988,O00397,P0436,1,193.79,16.4
I000989,O00397,P0525,4,271.72,10.74
I000990,O00398,P0417,4,203.18,17.57
I000991,O00398,P0286,5,98.24,0.43
I000992,O00399,P0404,2,63.79,0.62
I000993,O00399,P0382,2,321.83,11.92
I000994,O00399,P0111,1,127.28,8.31
I000995,O00399,P0464,1,126.46,4.23
I000996,O00400,P0256,5,408.93,13.09
I000997,O00400,P0086,5,176.87,1.47
I000998,O00400,P0145,4,283.88,7.79
I000999,O00400,P0413,3,272.83,0.91
I001000,O00401,P0006,5,135.28,23.99
I001001,O00401,P0275,2,329.97,17.72
I001002,O00401,P0215,5,322.61,18.49
I001003,O00401,P0501,1,297.58,10.64
I001004,O00402,P0385,2,104.31,4.05
I001005,O00403,P0171,2,57.51,24.3
I001006,O00404,P0435,4,85.95,20.08
I001007,O00405,P0144,-1,125.24,7.36
I001008,O00405,P0429,3,326.72,15.38
I001009,O00405,P0409,3,15.92,4.15
I001010,O00405,P0010,3,182.33,5.11
I001011,O00406,P0532,4,197.31,8.25
I001012,O00406,P0258,2,157.9,17.88
I001013,O00406,P0484,4,94.71,10.41
I001014,O00407,P0482,1,37.59,4.69
I001015,O00407,P0069,1,157.86,8.28
I001016,O00408,P0480,5,299.26,8.76
I001017,O00409,P0354,2,75.01,20.52
I001018,O00409,P0015,4,136.61,7.64
I001019,O00410,P0261,1,93.95,7.0
I001020,O00410,P0208,3,317.88,3.17
I001021,O00410,P0080,5,174.94,19.15
I001022,O00410,P0157,3,334.92,21.34
I001023,O00411,P0485,1,117.67,24.73
I001024,O00411,P0215,1,374.63,15.37
I001025,O00411,P0173,2,310.17,21.87
I001026,O00412,P0080,5,191.27,10.64
I001027,O00412,P0054,4,155.91,12.51
I001028,O00412,P0141,1,193.62,9.83
I001029,O00413,P0486,3,348.19,22.08
I001030,O00413,P0364,2,52.26,23.64
I001031,O00413,P0320,3,103.01,21.0
I001032,O00413,P0535,5,66.09,17.38
I001033,O00414,P0124,2,84.12,9.14
I001034,O00414,P0446,4,354.09,8.65
I001035,O00414,P0357,4,76.16,13.99
I001036,O00415,P0392,2,97.77,24.89
I001037,O00415,P0384,-2,141.52,4.87
I001038,O00416,P0337,3,304.67,0.32
I001039,O00416,P0097,3,30.84,6.87
I001040,O00416,P0378,4,206.87,24.89
I001041,O00417,P0281,4,67.43,15.81
I001042,O00417,P0059,4,37.7,18.75
I001043,O00417,P0032,5,16.55,0.95
I001044,O00418,P0157,2,377.09,3.29
I001045,O00419,P0123,3,21.1,13.6
I001046,O00419,P0058,2,348.3,18.44
I001047,O00419,P0455,3,263.32,21.21
I001048,O00419,P0064,3,77.0,4.23
I001049,O00420,P0529,4,262.68,16.74
I001050,O00420,P0015,1,113.88,19.03
I001051,O00420,P0413,2,261.79,2.1
I001052,O00421,P0046,4,45.7,18.67
I001053,O00421,P0283,1,242.11,14.01
I001054,O00421,P0204,1,333.94,14.2
I001055,O00421,P0518,1,319.62,11.58
I001056,O00422,P0093,2,329.83,4.64
I001057,O00423,P0174,1,7.94,9.36
I001058,O00424,P0253,3,305.95,16.06
I001059,O00425,P0136,1,93.35,7.18
I001060,O00425,P0318,3,167.54,7.89
I001061,O00426,P0193,2,199.47,7.37
I001062,O00426,P0280,4,237.98,12.25
I001063,O00427,P0358,2,38.83,20.87
I001064,O00427,P0536,4,229.35,14.22
I001065,O00427,P0461,4,19.02,20.27
I001066,O00428,P0213,5,361.2,19.86
I001067,O00428,P0351,1,208.61,5.27
I001068,O00428,P0516,2,24.27,0.79
I001069,O00429,P0530,2,35.57,11.68
I001070,O00430,P0382,3,358.74,15.74
I001071,O00430,P0387,1,143.26,11.89
I001072,O00430,P0035,3,30.78,2.51
I001073,O00431,P0314,5,27.58,0.54
I001074,O00431,P0167,5,314.71,14.4
I001075,O00431,P0479,4,287.31,11.84
I001076,O00432,P0259,5,248.97,16.96
I001077,O00432,P0383,3,44.46,23.22
I001078,O00433,P0520,4,202.03,6.73
I001079,O00433,P0111,5,114.5,0.71
I001080,O00434,P0308,2,210.89,14.2
I001081,O00434,P0537,2,218.09,8.33
I001082,O00435,P0093,3,338.18,3.54
I001083,O00436,P0470,4,55.09,3.69
I001084,O00436,P0406,2,143.44,2.01
I001085,O00436,P0170,2,421.52,10.91
I001086,O00437,P0158,1,175.73,8.62
I001087,O00437,P0384,4,154.07,9.85
I001088,O00438,P0484,4,131.78,19.08
I001089,O00438,P0386,1,242.0,7.96
I001090,O00439,P0410,3,63.97,18.26
I001091,O00439,P0335,4,277.81,13.35
I001092,O00440,P0501,5,215.39,5.88
I001093,O00440,P0028,3,196.15,20.58
I001094,O00440,P0228,5,374.84,9.95
I001095,O00441,P0236,2,251.76,1.11
I001096,O00442,P0446,4,337.82,10.64
I001097,O00442,P0096,3,92.19,16.88
I001098,O00442,P0348,4,90.61,23.96
I001099,O00443,P0184,1,113.36,2.07
I001100,O00443,P0168,1,167.42,10.11
I001101,O00443,P0408,1,187.86,3.22
I001102,O00443,P0530,5,34.12,11.37
I001103,O00444,P0412,4,173.44,15.85
I001104,O00444,P0433,5,204.14,22.71
I001105,O00444,P0056,5,252.71,11.84
I001106,O00444,P0311,3,133.82,24.29
I001107,O00445,P0184,4,116.75,9.59
I001108,O00446,P0154,1,81.44,23.35
I001109,O00447,P0203,4,182.21,7.04
I001110,O00447,P0528,1,347.78,11.51
I001111,O00447,P0466,1,316.04,17.16
I001112,O00448,P0436,1,220.32,4.47
I001113,O00448,P0346,3,172.14,11.17
I001114,O00448,P0304,3,384.52,14.89
I001115,O00449,P0038,2,213.95,2.36
I001116,O00449,P0406,2,166.41,10.78
I001117,O00449,P0255,3,7.61,11.45
I001118,O00450,P0537,1,211.96,9.32
I001119,O00450,P0470,2,74.03,18.1
I001120,O00451,P0392,5,99.47,1.97
I001121,O00452,P0433,2,215.49,6.42
I001122,O00452,P0411,-2,72.84,19.84
I001123,O00452,P0023,5,192.72,7.58
I001124,O00453,P0051,5,131.12,19.02
I001125,O00453,P0384,4,135.8,17.22
I001126,O00454,P0284,1,189.31,22.74
I001127,O00454,P0514,3,174.76,10.18
I001128,O00455,P0425,2,170.49,11.56
I001129,O00456,P0100,1,214.29,5.53
I001130,O00456,P0227,5,16.13,17.8
I001131,O00456,P0231,4,272.14,15.87
I001132,O00457,P0399,3,180.45,8.66
I001133,O00457,P0488,4,69.5,21.36
I001134,O00457,P0013,4,257.05,17.44
I001135,O00458,P0262,4,273.6,8.63
I001136,O00458,P0413,2,263.79,13.24
I001137,O00458,P0034,3,118.55,7.88
I001138,O00458,P0081,4,81.3,15.62
I001139,O00459,P0361,4,304.75,0.59
I001140,O00459,P0442,3,160.6,12.27
I001141,O00460,P0385,4,98.13,21.24
I001142,O00460,P0135,1,66.75,5.28
I001143,O00461,P0297,2,409.88,19.17
I001144,O00462,P0419,5,242.86,19.26
I001145,O00462,P0361,1,268.2,17.17
I001146,O00462,P0223,3,55.32,13.31
I001147,O00462,P0429,2,374.7,12.37
I001148,O00463,P0294,4,218.73,13.32
I001149,O00463,P0461,3,22.76,16.4
I001150,O00463,P0161,1,37.61,16.33
I001151,O00463,P0182,4,115.4,15.91
I001152,O00464,P0142,1,219.5,18.3
I001153,O00464,P0516,1,22.72,6.25
I001154,O00465,P0094,5,35.87,4.83
I001155,O00465,P0380,2,324.29,18.08
I001156,O00465,P0024,2,116.19,23.43
I001157,O00465,P0399,2,178.92,7.32
I001158,O00466,P0212,5,101.06,6.13
I001159,O00467,P0248,1,403.01,20.95
I001160,O00467,P0182,2,106.64,18.05
I001161,O00467,P0473,1,235.77,0.81
I001162,O00467,P0513,4,65.03,24.89
I001163,O00468,P0073,5,41.57,13.35
I001164,O00468,P0428,1,235.43,20.69
I001165,O00468,P0267,1,248.47,9.96
I001166,O00468,P0124,1,99.97,17.92
I001167,O00469,P0439,3,270.45,14.5
I001168,O00469,P0128,1,240.94,9.16
I001169,O00469,P0107,3,194.38,6.08
I001170,O00469,P0150,4,233.78,2.43
I001171,O00470,P0470,4,78.48,18.92
I001172,O00471,P0303,4,387.14,14.21
I001173,O00471,P0456,5,282.82,3.5
I001174,O00471,P0339,5,110.37,5.53
I001175,O00472,P0372,2,179.85,7.62
I001176,O00472,P0299,4,249.32,3.86
I001177,O00472,P0315,2,171.91,7.31
I001178,O00473,P0264,5,201.04,14.61
I001179,O00473,P0234,3,244.95,12.71
I001180,O00473,P0029,-2,306.59,22.5
I001181,O00473,P0217,3,134.14,14.68
I001182,O00474,P0536,4,288.05,21.77
I001183,O00474,P0384,4,129.19,22.43
I001184,O00474,P0388,1,263.94,1.62
I001185,O00475,P0317,2,107.43,15.22
I001186,O00475,P0212,1,109.62,8.91
I001187,O00476,P0013,3,315.94,9.96
I001188,O00476,P0537,1,312.5,12.69
I001189,O00476,P0234,3,266.66,13.37
I001190,O00476,P0208,5,359.98,24.26
I001191,O00477,P0458,5,317.93,6.12
I001192,O00478,P0251,4,259.47,24.48
I001193,O00478,P0234,3,266.51,2.28
I001194,O00479,P0066,5,239.19,5.19
I001195,O00479,P0136,2,102.31,14.53
I001196,O00480,P0101,2,60.86,11.05
I001197,O00480,P0053,4,216.24,13.56
I001198,O00480,P0327,2,128.47,7.5
I001199,O00480,P0075,1,85.12,21.53
I001200,O00481,P0454,2,236.37,15.87
I001201,O00601,P0468,1,57.83,8.14
I001202,O00602,P0278,2,129.91,6.57
I001203,O00603,P0495,3,63.91,12.91
I001204,O00604,P0271,3,57.31,5.51
I001205,O00605,P0516,2,128.93,2.23
