customer_id,customer_name,email,registration_date,customer_type
C0001,Liam Smith,liam.smith1@shopmail.net,2022-12-13,REGULAR
C0002,Liam Wilson,liam.wilson2@mail.com,2024-07-06,REGULAR
C0003,Ava Johnson,ava.johnson3@mail.com,2024-05-21,REGULAR
C0004,James Brown,james.brown4@customer.io,2025-06-11,PREMIUM
C0005,Ethan Anderson,ethan.anderson5@customer.io,2022-08-30,REGULAR
C0006,Harper Johnson,harper.johnson6@mail.com,2023-07-12,PREMIUM
C0007,Amelia Taylor,amelia.taylor7@inbox.org,2024-04-13,REGULAR
C0008,Ella Johnson,ella.johnson8@customer.io,2024-06-15,REGULAR
C0009,Mia Smith,mia.smith9@customer.io,2022-05-04,PREMIUM
C0010,Liam Miller,liam.miller10@customer.io,2022-09-10,REGULAR
C0011,Isabella Wilson,isabella.wilson11@mail.com,2024-08-04,PREMIUM
C0012,Lucas Williams,lucas.williams12@customer.io,2024-09-21,PREMIUM
C0013,Lucas Wilson,lucas.wilson13@mail.com,2022-12-22,PREMIUM
C0014,Harper Miller,harper.miller14@shopmail.net,2024-05-31,PREMIUM
C0015,Harper Brown,harper.brown15@inbox.org,2024-09-25,REGULAR
C0016,Amelia Williams,amelia.williams16@customer.io,2025-03-06,REGULAR
C0017,Ella Garcia,ella.garcia17@shopmail.net,2024-03-02,REGULAR
C0018,Noah Thomas,noah.thomas18@shopmail.net,2025-05-15,PREMIUM
C0019,Mia Miller,mia.miller19@inbox.org,2024-04-01,REGULAR
C0020,Ava Wilson,ava.wilson20@customer.io,2025-04-08,PREMIUM
C0021,Liam Jones,liam.jones21@inbox.org,2022-01-06,VIP
C0022,Amelia Rodriguez,amelia.rodriguez22@mail.com,2024-08-29,REGULAR
C0023,Isabella Williams,isabella.williams23@shopmail.net,2024-04-17,VIP
C0024,Ava Martinez,ava.martinez24@mail.com,2022-06-23,VIP
C0025,Mason Brown,mason.brown25@mail.com,2022-05-14,PREMIUM
C0026,Mia Taylor,mia.taylor26@shopmail.net,2022-07-19,PREMIUM
C0027,Ethan Jones,ethan.jones27@inbox.org,2022-11-26,VIP
C0028,Isabella Anderson,isabella.anderson28@customer.io,2023-11-12,PREMIUM
C0029,Grace Johnson,grace.johnson29@mail.com,2023-06-10,REGULAR
C0030,Lucas Martinez,lucas.martinez30@mail.com,2025-01-04,PREMIUM
C0031,Lucas Johnson,lucas.johnson31@customer.io,2022-04-21,REGULAR
C0032,Amelia Wilson,amelia.wilson32@shopmail.net,2025-01-28,VIP
C0033,Benjamin Brown,benjamin.brown33@inbox.org,2022-10-23,REGULAR
C0034,James Garcia,james.garcia34@inbox.org,2025-02-06,REGULAR
C0035,Liam Smith,liam.smith35@customer.io,2025-05-28,PREMIUM
C0036,Lucas Brown,lucas.brown36@inbox.org,2022-08-06,REGULAR
C0037,Amelia Davis,amelia.davis37@mail.com,2023-11-20,PREMIUM
C0038,Liam Smith,liam.smith38@mail.com,2022-05-25,VIP
C0039,Lucas Williams,lucas.williams39@inbox.org,2022-11-29,PREMIUM
C0040,Noah Williams,noah.williams40@inbox.org,2023-02-16,VIP
C0041,Grace Jones,grace.jones41@inbox.org,2022-08-29,REGULAR
C0042,Isabella Smith,isabella.smith42@mail.com,2025-03-07,REGULAR
C0043,Noah Martinez,noah.martinez43@shopmail.net,2022-03-30,VIP
C0044,Mia Thomas,mia.thomas44@mail.com,2024-11-14,PREMIUM
C0045,Ella Johnson,ella.johnson45@shopmail.net,2024-06-18,REGULAR
C0046,Mia Miller,mia.miller46@customer.io,2023-02-10,REGULAR
C0047,Harper Brown,harper.brown47@shopmail.net,2024-11-09,PREMIUM
C0048,Grace Garcia,grace.garcia48@mail.com,2022-01-15,REGULAR
C0049,Liam Johnson,liam.johnson49@customer.io,2022-07-25,VIP
C0050,Mia Brown,mia.brown50@shopmail.net,2023-11-12,PREMIUM
C0051,Mason Martinez,mason.martinez51@mail.com,2024-11-03,PREMIUM
C0052,Mason Wilson,mason.wilson52@shopmail.net,2023-02-15,REGULAR
C0053,Liam Anderson,liam.anderson53@customer.io,2023-03-14,PREMIUM
C0054,Harper Brown,harper.brown54@customer.io,2024-02-25,REGULAR
C0055,Noah Johnson,noah.johnson55@customer.io,2022-03-10,REGULAR
C0056,Sophia Wilson,sophia.wilson56@shopmail.net,2025-02-25,REGULAR
C0057,James Rodriguez,james.rodriguez57.807mail.com,2022-08-20,REGULAR
C0058,Logan Martinez,logan.martinez58@inbox.org,2022-07-17,REGULAR
C0059,Logan Taylor,logan.taylor59@mail.com,2023-07-10,REGULAR
C0060,Lucas Wilson,lucas.wilson60@inbox.org,2024-08-22,PREMIUM
C0061,Lucas Thomas,lucas.thomas61@shopmail.net,2023-10-03,REGULAR
C0062,Harper Taylor,harper.taylor62@shopmail.net,2023-02-19,REGULAR
C0063,Liam Miller,liam.miller63@inbox.org,2022-12-12,REGULAR
C0064,Grace Garcia,grace.garcia64@shopmail.net,2022-12-13,REGULAR
C0065,Isabella Miller,isabella.miller65@mail.com,2025-04-16,REGULAR
C0066,Ella Wilson,ella.wilson66@customer.io,2022-02-12,REGULAR
C0067,Amelia Williams,amelia.williams67@customer.io,2022-03-01,REGULAR
C0068,James Garcia,james.garcia68@customer.io,2023-11-09,PREMIUM
C0069,Liam Miller,liam.miller69@shopmail.net,2023-01-31,REGULAR
C0070,James Smith,james.smith70@shopmail.net,2023-07-20,REGULAR
C0071,Harper Martinez,harper.martinez71@mail.com,2025-01-23,VIP
C0072,Mason Wilson,mason.wilson72@inbox.org,2024-12-19,REGULAR
C0073,Sophia Brown,sophia.brown73@inbox.org,2024-11-18,PREMIUM
C0074,Ethan Martinez,ethan.martinez74@inbox.org,2024-05-01,PREMIUM
C0075,Mason Jones,mason.jones75@customer.io,2023-12-24,REGULAR
C0076,Isabella Rodriguez,isabella.rodriguez76@shopmail.net,2024-10-20,REGULAR
C0077,Harper Johnson,harper.johnson77@shopmail.net,2024-11-11,REGULAR
C0078,Isabella Williams,isabella.williams78@shopmail.net,2024-01-09,PREMIUM
C0079,Mia Davis,mia.davis79@shopmail.net,2025-01-20,PREMIUM
C0080,Benjamin Miller,benjamin.miller80@mail.com,2025-03-12,PREMIUM
C0081,Liam Taylor,liam.taylor81@shopmail.net,2025-06-03,VIP
C0082,Grace Smith,grace.smith82@mail.com,2023-12-11,REGULAR
C0083,Grace Wilson,grace.wilson83@customer.io,2025-03-19,PREMIUM
C0084,James Thomas,james.thomas84@inbox.org,2022-09-05,PREMIUM
C0085,Benjamin Davis,benjamin.davis85@shopmail.net,2024-09-17,REGULAR
C0086,Benjamin Wilson,benjamin.wilson86@inbox.org,2022-05-01,PREMIUM
C0087,Lucas Jones,lucas.jones87@mail.com,2022-08-03,REGULAR
C0088,Ella Anderson,ella.anderson88@shopmail.net,2022-04-10,REGULAR
C0089,Harper Rodriguez,harper.rodriguez89@mail.com,2022-11-18,PREMIUM
C0090,Ella Taylor,ella.taylor90@mail.com,2025-04-04,REGULAR
C0091,Benjamin Smith,benjamin.smith91@customer.io,2025-03-16,REGULAR
C0092,James Rodriguez,james.rodriguez92@shopmail.net,2024-01-29,REGULAR
C0093,James Davis,james.davis93@customer.io,2024-11-05,PREMIUM
C0094,Ella Anderson,ella.anderson94@inbox.org,2022-07-18,VIP
C0095,Ava Miller,ava.miller95@mail.com,2022-05-11,PREMIUM
C0096,Sophia Thomas,sophia.thomas96@mail.com,2023-02-09,REGULAR
C0097,Isabella Davis,isabella.davis97@inbox.org,2023-03-09,PREMIUM
C0098,James Jones,james.jones98@inbox.org,2022-01-31,PREMIUM
C0099,Noah Garcia,noah.garcia99@mail.com,2025-04-28,VIP
C0100,Noah Taylor,noah.taylor100@shopmail.net,2022-11-06,PREMIUM
C0101,Sophia Brown,sophia.brown101@mail.com,2024-05-26,VIP
C0102,Grace Anderson,grace.anderson102@customer.io,2022-09-18,PREMIUM
C0103,Liam Taylor,liam.taylor103@customer.io,2022-06-17,REGULAR
C0104,Mason Martinez,mason.martinez104@inbox.org,2023-09-09,VIP
C0105,Isabella Johnson,isabella.johnson105@shopmail.net,2022-06-08,PREMIUM
C0106,Mason Thomas,mason.thomas106@mail.com,2025-05-21,VIP
C0107,Noah Garcia,noah.garcia107@customer.io,2022-04-18,REGULAR
C0108,Harper Smith,harper.smith108@inbox.org,2022-06-13,REGULAR
C0109,Logan Wilson,logan.wilson109@inbox.org,2025-01-03,REGULAR
C0110,Ethan Anderson,ethan.anderson110@customer.io,2024-08-14,PREMIUM
C0111,Benjamin Davis,benjamin.davis111@customer.io,2023-05-16,PREMIUM
C0112,Mia Jones,mia.jones112@shopmail.net,2025-03-11,REGULAR
C0113,Ella Garcia,ella.garcia113@customer.io,2022-10-10,REGULAR
C0114,Logan Taylor,logan.taylor114@customer.io,2024-07-15,PREMIUM
C0115,Amelia Rodriguez,amelia.rodriguez115.187mail.com,2023-01-10,PREMIUM
C0116,Benjamin Rodriguez,benjamin.rodriguez116@inbox.org,2024-09-30,PREMIUM
C0117,Grace Taylor,grace.taylor117@326,2023-09-21,PREMIUM
C0118,Mason Wilson,mason.wilson118@inbox.org,2024-05-09,REGULAR
C0119,James Anderson,james.anderson119@customer.io,2024-12-27,REGULAR
C0120,Mason Jones,mason.jones120@shopmail.net,2023-05-06,REGULAR
C0121,Ethan Brown,ethan.brown121@inbox.org,2023-03-06,PREMIUM
C0122,Mason Johnson,mason.johnson122@customer.io,2022-12-20,REGULAR
C0123,Mason Smith,mason.smith123@shopmail.net,2023-03-03,REGULAR
C0124,Noah Rodriguez,noah.rodriguez124@shopmail.net,2024-09-17,PREMIUM
C0125,Benjamin Johnson,benjamin.johnson125@customer.io,2023-12-31,REGULAR
C0126,Harper Williams,harper.williams126@customer.io,2024-01-13,REGULAR
C0127,Mia Miller,mia.miller127@mail.com,2022-08-24,REGULAR
C0128,Mason Johnson,mason.johnson128@mail.com,2024-05-16,PREMIUM
C0129,Lucas Taylor,lucas.taylor129@inbox.org,2023-11-19,REGULAR
C0130,James Jones,james.jones130@mail.com,2024-08-05,VIP
C0131,Liam Taylor,liam.taylor131@shopmail.net,2023-02-16,PREMIUM
C0132,Ethan Brown,ethan.brown132@mail.com,2022-09-01,REGULAR
C0133,Grace Anderson,grace.anderson133@customer.io,2022-02-20,REGULAR
C0134,Mason Anderson,mason.anderson134@mail.com,2024-12-03,REGULAR
C0135,Amelia Taylor,amelia.taylor135@shopmail.net,2023-10-23,REGULAR
C0136,Lucas Wilson,lucas.wilson136@customer.io,2022-08-09,REGULAR
C0137,Ethan Taylor,ethan.taylor137@customer.io,2023-11-14,REGULAR
C0138,Mason Anderson,mason.anderson138@customer.io,2024-02-17,REGULAR
C0139,Grace Johnson,grace.johnson139@inbox.org,2025-02-15,REGULAR
C0140,Amelia Smith,amelia.smith140@mail.com,2025-04-03,PREMIUM
C0141,Amelia Martinez,amelia.martinez141@shopmail.net,2024-01-01,REGULAR
C0142,Grace Jones,grace.jones142@inbox.org,2024-09-13,PREMIUM
C0143,Mia Davis,mia.davis143@customer.io,2023-05-14,PREMIUM
C0144,Ethan Garcia,ethan.garcia144@inbox.org,2023-03-24,PREMIUM
C0145,Ella Thomas,ella.thomas145@mail.com,2023-12-08,REGULAR
C0146,Amelia Garcia,amelia.garcia146@inbox.org,2024-03-10,PREMIUM
C0147,Ava Wilson,ava.wilson147@inbox.org,2023-10-04,REGULAR
C0148,Logan Martinez,logan.martinez148@inbox.org,2025-03-26,REGULAR
C0149,Amelia Rodriguez,amelia.rodriguez149@customer.io,2023-11-12,PREMIUM
C0150,Benjamin Johnson,benjamin.johnson150@shopmail.net,2025-01-07,REGULAR
C0151,Ava Rodriguez,ava.rodriguez151@shopmail.net,2022-06-26,REGULAR
C0152,Liam Wilson,liam.wilson152@inbox.org,2025-01-18,REGULAR
C0153,Amelia Miller,amelia.miller153@inbox.org,2023-01-14,REGULAR
C0154,Sophia Miller,sophia.miller154@shopmail.net,2022-04-19,REGULAR
C0155,James Garcia,james.garcia155@customer.io,2025-06-28,REGULAR
C0156,Mason Thomas,mason.thomas156@inbox.org,2022-08-19,REGULAR
C0157,Benjamin Garcia,benjamin.garcia157@inbox.org,2023-12-09,VIP
C0158,Isabella Anderson,isabella.anderson158@inbox.org,2022-12-29,PREMIUM
C0159,James Smith,james.smith159@inbox.org,2024-12-31,VIP
C0160,Ella Miller,ella.miller160@shopmail.net,2024-02-09,VIP
C0161,Sophia Rodriguez,sophia.rodriguez161@customer.io,2022-06-05,PREMIUM
C0162,Grace Johnson,grace.johnson162@inbox.org,2022-01-24,PREMIUM
C0163,James Thomas,james.thomas163@shopmail.net,2022-04-27,REGULAR
C0164,Amelia Garcia,amelia.garcia164@inbox.org,2024-10-06,REGULAR
C0165,Harper Thomas,harper.thomas165@inbox.org,2023-05-07,PREMIUM
C0166,Benjamin Thomas,benjamin.thomas166@mail.com,2022-12-31,PREMIUM
C0167,Mason Brown,mason.brown167@inbox.org,2022-06-02,PREMIUM
C0168,Liam Davis,liam.davis168@customer.io,2022-02-14,REGULAR
C0169,Noah Jones,noah.jones169@inbox.org,2022-08-15,REGULAR
C0170,James Martinez,james.martinez170@shopmail.net,2022-09-22,REGULAR
C0171,Ella Martinez,ella.martinez171@inbox.org,2024-06-24,REGULAR
C0172,Grace Wilson,grace.wilson172@customer.io,2024-11-01,REGULAR
C0173,Grace Jones,grace.jones173@shopmail.net,2022-04-25,REGULAR
C0174,Logan Martinez,logan.martinez174@inbox.org,2024-12-08,REGULAR
C0175,Mason Brown,mason.brown175@inbox.org,2022-06-15,REGULAR
C0176,Logan Martinez,logan.martinez176@customer.io,2022-02-04,VIP
C0177,Ella Jones,ella.jones177.720mail.com,2025-03-03,REGULAR
C0178,Mason Taylor,mason.taylor178@customer.io,2022-12-07,PREMIUM
C0179,Amelia Wilson,amelia.wilson179@shopmail.net,2024-09-02,REGULAR
C0180,Noah Jones,noah.jones180@mail.com,2024-06-19,REGULAR
C0181,Sophia Johnson,sophia.johnson181@customer.io,2025-03-07,REGULAR
C0182,Isabella Williams,isabella.williams182@customer.io,2024-04-04,REGULAR
C0183,Amelia Thomas,amelia.thomas183@inbox.org,2025-06-06,REGULAR
C0184,Harper Taylor,harper.taylor184@mail.com,2022-08-07,PREMIUM
C0185,Lucas Thomas,lucas.thomas185@inbox.org,2025-06-03,REGULAR
C0186,Mia Taylor,mia.taylor186@customer.io,2024-04-13,REGULAR
C0187,Logan Wilson,logan.wilson187@customer.io,2024-06-27,REGULAR
C0188,Logan Johnson,logan.johnson188@inbox.org,2022-02-08,PREMIUM
C0189,Harper Martinez,harper.martinez189@mail.com,2024-09-14,PREMIUM
C0190,Mason Wilson,mason.wilson190@shopmail.net,2022-03-12,VIP
C0191,Mason Davis,mason.davis191@shopmail.net,2024-04-15,REGULAR
C0192,Grace Garcia,grace.garcia192@inbox.org,2024-07-01,PREMIUM
C0193,Sophia Miller,sophia.miller193@inbox.org,2024-08-14,REGULAR
C0194,Amelia Smith,amelia.smith194@shopmail.net,2023-11-20,REGULAR
C0195,Lucas Thomas,lucas.thomas195@customer.io,2024-04-25,VIP
C0196,Logan Smith,logan.smith196@shopmail.net,2022-07-09,VIP
C0197,Grace Johnson,grace.johnson197@mail.com,2022-03-20,PREMIUM
C0198,Lucas Williams,lucas.williams198@shopmail.net,2022-04-17,PREMIUM
C0199,Isabella Martinez,isabella.martinez199@shopmail.net,2023-05-26,PREMIUM
C0200,Ava Jones,ava.jones200@shopmail.net,2022-07-21,REGULAR
C0201,Ethan Johnson,ethan.johnson201@mail.com,2022-07-24,REGULAR
C0202,Lucas Martinez,lucas.martinez202@shopmail.net,2023-02-17,REGULAR
C0203,James Rodriguez,james.rodriguez203@mail.com,2024-01-10,REGULAR
C0204,Logan Rodriguez,logan.rodriguez204@inbox.org,2024-02-22,REGULAR
C0205,Noah Anderson,noah.anderson205@customer.io,2023-12-13,PREMIUM
C0206,Ava Smith,ava.smith206@inbox.org,2023-10-25,PREMIUM
C0207,Benjamin Anderson,benjamin.anderson207@mail.com,2022-05-06,REGULAR
C0208,Sophia Johnson,sophia.johnson208@customer.io,2023-08-15,VIP
C0209,Mason Davis,mason.davis209@inbox.org,2022-06-04,PREMIUM
C0210,Liam Thomas,liam.thomas210@shopmail.net,2023-10-31,REGULAR
C0211,Lucas Miller,lucas.miller211@inbox.org,2023-09-12,REGULAR
C0212,Liam Garcia,liam.garcia212@customer.io,2023-08-05,VIP
C0213,Benjamin Johnson,benjamin.johnson213@mail.com,2022-05-25,REGULAR
C0214,Logan Taylor,logan.taylor214@mail.com,2024-06-30,VIP
C0215,Harper Wilson,harper.wilson215@customer.io,2024-10-30,VIP
C0216,James Thomas,james.thomas216@mail.com,2023-03-23,PREMIUM
C0217,Logan Johnson,logan.johnson217@shopmail.net,2022-08-29,PREMIUM
C0218,Lucas Thomas,lucas.thomas218@customer.io,2022-06-28,PREMIUM
C0219,Lucas Taylor,lucas.taylor219@mail.com,2024-08-04,VIP
C0220,Amelia Smith,amelia.smith220@customer.io,2023-06-12,REGULAR
C0221,Ethan Thomas,ethan.thomas221@inbox.org,2022-04-19,REGULAR
C0222,Ava Johnson,ava.johnson222@shopmail.net,2023-08-08,REGULAR
C0223,Harper Williams,harper.williams223@customer.io,2025-04-21,VIP
C0224,Mia Smith,mia.smith224@mail.com,2024-11-12,REGULAR
C0225,Grace Wilson,grace.wilson225@inbox.org,2023-10-06,REGULAR
C0226,Liam Garcia,liam.garcia226@customer.io,2024-11-19,PREMIUM
C0227,Benjamin Rodriguez,benjamin.rodriguez227@mail.com,2022-12-09,REGULAR
C0228,Noah Smith,noah.smith228@shopmail.net,2025-04-07,REGULAR
C0229,Amelia Jones,amelia.jones229@mail.com,2024-02-12,PREMIUM
C0230,Ethan Williams,ethan.williams230@shopmail.net,2024-02-17,REGULAR
C0231,Logan Johnson,logan.johnson231@mail.com,2023-11-09,REGULAR
C0232,Mia Thomas,mia.thomas232@inbox.org,2024-06-09,REGULAR
C0233,James Jones,james.jones233@mail.com,2023-05-20,REGULAR
C0234,Grace Thomas,grace.thomas234@customer.io,2022-05-17,REGULAR
C0235,Liam Brown,liam.brown235@inbox.org,2024-03-24,REGULAR
C0236,Mason Anderson,mason.anderson236@customer.io,2025-04-25,REGULAR
C0237,Liam Rodriguez,liam.rodriguez237@customer.io,2023-06-30,PREMIUM
C0238,Sophia Brown,sophia.brown238@customer.io,2022-11-03,REGULAR
C0239,Sophia Taylor,sophia.taylor239@mail.com,2022-10-03,VIP
C0240,Benjamin Davis,benjamin.davis240@inbox.org,2024-11-24,VIP
C0241,Harper Thomas,harper.thomas241@customer.io,2022-08-23,REGULAR
C0242,Benjamin Davis,benjamin.davis242@customer.io,2024-07-07,REGULAR
C0243,Mia Jones,mia.jones243@mail.com,2022-03-30,REGULAR
C0244,Mason Johnson,mason.johnson244@mail.com,2024-08-13,REGULAR
C0245,Ella Davis,ella.davis245@mail.com,2023-11-30,VIP
C0246,Isabella Garcia,isabella.garcia246@shopmail.net,2022-04-07,REGULAR
C0247,Harper Anderson,harper.anderson247@shopmail.net,2022-03-02,REGULAR
C0248,Grace Davis,grace.davis248@shopmail.net,2023-07-20,REGULAR
C0249,Mason Miller,mason.miller249@customer.io,2024-11-20,REGULAR
C0250,Harper Johnson,harper.johnson250@inbox.org,2023-03-18,REGULAR
C0251,Sophia Garcia,sophia.garcia251@shopmail.net,2023-06-28,REGULAR
C0252,Ella Williams,ella.williams252@mail.com,2023-04-26,REGULAR
C0253,Harper Thomas,harper.thomas253@mail.com,2024-09-30,PREMIUM
C0254,Logan Smith,logan.smith254@shopmail.net,2022-11-29,REGULAR
C0255,Benjamin Brown,benjamin.brown255@shopmail.net,2022-08-29,REGULAR
C0256,Liam Rodriguez,liam.rodriguez256@mail.com,2024-10-25,REGULAR
C0257,Sophia Martinez,sophia.martinez257@shopmail.net,2022-10-08,PREMIUM
C0258,Ethan Anderson,ethan.anderson258@inbox.org,2023-07-20,PREMIUM
C0259,Lucas Davis,lucas.davis259@inbox.org,2022-12-30,REGULAR
C0260,Mason Taylor,mason.taylor260@shopmail.net,2023-07-26,PREMIUM
C0261,Grace Davis,grace.davis261@inbox.org,2024-02-21,REGULAR
C0262,Ethan Thomas,ethan.thomas262@shopmail.net,2023-01-24,REGULAR
C0263,Benjamin Thomas,benjamin.thomas263@mail.com,2025-01-10,PREMIUM
C0264,Liam Jones,liam.jones264@shopmail.net,2023-02-28,REGULAR
C0265,Sophia Thomas,sophia.thomas265@shopmail.net,2025-06-22,REGULAR
C0266,Logan Smith,logan.smith266@inbox.org,2024-02-19,REGULAR
C0267,Ella Johnson,ella.johnson267@mail.com,2023-05-11,VIP
C0268,Harper Taylor,harper.taylor268@mail.com,2023-03-22,VIP
C0269,Benjamin Anderson,benjamin.anderson269@inbox.org,2023-11-28,PREMIUM
C0270,Mia Smith,mia.smith270@shopmail.net,2024-05-02,VIP
C0271,James Johnson,james.johnson271@shopmail.net,2023-04-13,REGULAR
C0272,Lucas Miller,lucas.miller272@inbox.org,2022-04-08,REGULAR
C0273,Benjamin Martinez,benjamin.martinez273@shopmail.net,2025-01-21,REGULAR
C0274,James Smith,james.smith274@shopmail.net,2024-06-05,REGULAR
C0275,Mia Rodriguez,mia.rodriguez275@mail.com,2024-03-28,REGULAR
C0276,Ava Miller,ava.miller276@mail.com,2024-09-14,REGULAR
C0277,Logan Jones,logan.jones277@customer.io,2025-05-09,REGULAR
C0278,Lucas Anderson,lucas.anderson278@mail.com,2025-04-13,REGULAR
C0279,Harper Williams,harper.williams279@customer.io,2025-06-17,PREMIUM
C0280,Grace Anderson,grace.anderson280@shopmail.net,2025-06-14,REGULAR
C0281,Grace Smith,grace.smith281@mail.com,2025-05-13,REGULAR
C0282,Noah Garcia,noah.garcia282@inbox.org,2025-06-20,REGULAR
C0283,Amelia Smith,amelia.smith283@shopmail.net,2023-03-21,REGULAR
C0284,Noah Thomas,noah.thomas284@customer.io,2022-07-13,PREMIUM
C0285,James Miller,james.miller285@inbox.org,2023-06-11,VIP
C0286,Benjamin Anderson,benjamin.anderson286@customer.io,2025-05-29,REGULAR
C0287,James Johnson,james.johnson287@shopmail.net,2024-04-27,REGULAR
C0288,Liam Johnson,liam.johnson288@customer.io,2023-04-22,REGULAR
C0289,James Williams,james.williams289@customer.io,2023-11-26,REGULAR
C0290,Logan Martinez,logan.martinez290@customer.io,2024-09-20,VIP
C0291,Noah Johnson,noah.johnson291@inbox.org,2023-07-19,REGULAR
C0292,Ethan Smith,ethan.smith292@inbox.org,2022-02-24,REGULAR
C0293,Lucas Taylor,lucas.taylor293@customer.io,2023-08-18,VIP
C0294,Noah Martinez,noah.martinez294@inbox.org,2023-07-31,REGULAR
C0295,Mia Martinez,mia.martinez295@customer.io,2023-09-11,REGULAR
C0296,Amelia Brown,amelia.brown296@mail.com,2025-02-16,REGULAR
C0297,Ella Rodriguez,ella.rodriguez297@customer.io,2024-12-29,REGULAR
C0298,Mason Anderson,mason.anderson298@inbox.org,2022-11-07,REGULAR
C0299,Mia Davis,mia.davis299@inbox.org,2022-05-17,PREMIUM
C0300,Harper Wilson,harper.wilson300@mail.com,2024-05-04,REGULAR
C0301,Mason Thomas,mason.thomas301@shopmail.net,2025-05-17,REGULAR
C0302,Lucas Johnson,lucas.johnson302@shopmail.net,2023-01-03,PREMIUM
C0303,Ava Garcia,ava.garcia303@customer.io,2023-12-28,PREMIUM
C0304,Sophia Martinez,sophia.martinez304@mail.com,2023-04-26,REGULAR
C0305,Benjamin Rodriguez,benjamin.rodriguez305@inbox.org,2024-06-12,REGULAR
C0306,Harper Wilson,harper.wilson306@inbox.org,2024-11-22,REGULAR
C0307,Sophia Thomas,sophia.thomas307@shopmail.net,2025-04-07,VIP
C0308,James Rodriguez,james.rodriguez308@mail.com,2022-07-12,REGULAR
C0309,Mason Williams,mason.williams309@shopmail.net,2023-06-22,VIP
C0310,Mason Thomas,mason.thomas310@shopmail.net,2024-09-13,VIP
C0311,Amelia Williams,amelia.williams311@mail.com,2024-02-20,PREMIUM
C0312,Sophia Williams,sophia.williams312@customer.io,2024-05-25,REGULAR
C0313,Ava Johnson,ava.johnson313@customer.io,2024-10-08,REGULAR
C0314,James Martinez,james.martinez314@inbox.org,2024-09-01,REGULAR
C0315,Mason Davis,mason.davis315@inbox.org,2023-04-08,REGULAR
C0316,Noah Williams,noah.williams316@inbox.org,2023-12-23,REGULAR
C0317,Sophia Garcia,sophia.garcia317@customer.io,2025-02-14,VIP
C0318,Logan Miller,logan.miller318@customer.io,2024-03-10,REGULAR
C0319,Harper Brown,harper.brown319@customer.io,2023-11-30,REGULAR
C0320,Liam Smith,liam.smith320@inbox.org,2024-08-13,REGULAR
C0321,Ethan Thomas,ethan.thomas321@customer.io,2022-10-22,PREMIUM
C0322,Benjamin Rodriguez,benjamin.rodriguez322@customer.io,2024-02-12,REGULAR
C0323,Ella Rodriguez,ella.rodriguez323@shopmail.net,2022-12-01,REGULAR
C0324,Noah Smith,noah.smith324@inbox.org,2023-03-20,REGULAR
C0325,Liam Miller,liam.miller325@customer.io,2025-02-04,REGULAR
C0326,Ella Garcia,ella.garcia326@mail.com,2024-06-04,REGULAR
C0327,Logan Rodriguez,logan.rodriguez327@inbox.org,2024-02-23,REGULAR
C0328,Amelia Thomas,amelia.thomas328@mail.com,2022-07-19,VIP
C0329,Ella Garcia,ella.garcia329@customer.io,2024-05-16,VIP
C0330,Sophia Brown,sophia.brown330@inbox.org,2024-02-16,REGULAR
C0331,Noah Williams,noah.williams331@inbox.org,2024-03-17,REGULAR
C0332,Sophia Garcia,sophia.garcia332@customer.io,2022-09-10,REGULAR
C0333,Mason Martinez,mason.martinez333@inbox.org,2025-01-05,REGULAR
C0334,Benjamin Thomas,benjamin.thomas334@789,2022-06-20,VIP
C0335,Mason Taylor,mason.taylor335@mail.com,2024-07-16,REGULAR
C0336,Lucas Anderson,lucas.anderson336@inbox.org,2022-09-22,REGULAR
C0337,Ella Williams,ella.williams337@shopmail.net,2022-02-19,REGULAR
C0338,Liam Brown,liam.brown338@528,2022-08-24,REGULAR
C0339,Isabella Miller,isabella.miller339@inbox.org,2025-02-17,PREMIUM
C0340,Sophia Rodriguez,sophia.rodriguez340@customer.io,2024-10-25,REGULAR
C0341,Ella Garcia,ella.garcia341@inbox.org,2024-04-08,REGULAR
C0342,Logan Wilson,logan.wilson342@customer.io,2024-08-05,REGULAR
C0343,Lucas Jones,lucas.jones343@shopmail.net,2023-04-08,PREMIUM
C0344,Isabella Anderson,isabella.anderson344@customer.io,2024-01-16,REGULAR
C0345,Amelia Jones,amelia.jones345@inbox.org,2023-09-05,PREMIUM
C0346,Sophia Jones,sophia.jones346@mail.com,2023-06-23,VIP
C0347,Amelia Anderson,amelia.anderson347@shopmail.net,2024-04-16,REGULAR
C0348,Amelia Williams,amelia.williams348@shopmail.net,2023-01-12,REGULAR
C0349,Lucas Wilson,lucas.wilson349@mail.com,2023-10-05,REGULAR
C0350,Benjamin Johnson,benjamin.johnson350@shopmail.net,2022-01-09,VIP
C0351,Ethan Miller,ethan.miller351@inbox.org,2024-01-12,PREMIUM
C0352,Mason Garcia,mason.garcia352@mail.com,2025-04-09,REGULAR
C0353,Lucas Rodriguez,lucas.rodriguez353@mail.com,2022-09-29,REGULAR
C0354,Ethan Smith,ethan.smith354@inbox.org,2025-05-09,REGULAR
C0355,Mason Smith,mason.smith355.443mail.com,2023-03-19,REGULAR
C0356,Benjamin Williams,benjamin.williams356@inbox.org,2023-02-28,REGULAR
C0357,Liam Garcia,liam.garcia357@inbox.org,2024-10-04,REGULAR
C0358,Ethan Smith,ethan.smith358@customer.io,2024-06-01,PREMIUM
C0359,Isabella Williams,isabella.williams359@inbox.org,2023-10-27,REGULAR
C0360,Mia Miller,mia.miller360@shopmail.net,2022-08-07,REGULAR
C0361,Lucas Smith,lucas.smith361@shopmail.net,2023-11-25,PREMIUM
C0362,Harper Jones,harper.jones362@mail.com,2023-02-11,PREMIUM
C0363,Lucas Smith,lucas.smith363@inbox.org,2023-04-22,REGULAR
C0364,Mason Anderson,mason.anderson364@customer.io,2023-07-25,PREMIUM
C0365,Lucas Williams,lucas.williams365@inbox.org,2025-03-07,VIP
C0366,Logan Miller,logan.miller366@inbox.org,2025-03-22,REGULAR
C0367,Isabella Taylor,isabella.taylor367@mail.com,2024-03-27,REGULAR
C0368,Logan Johnson,logan.johnson368@mail.com,2022-04-06,PREMIUM
C0369,Isabella Martinez,isabella.martinez369@shopmail.net,2023-05-25,PREMIUM
C0370,Grace Johnson,grace.johnson370@inbox.org,2022-05-22,PREMIUM
C0371,Grace Taylor,grace.taylor371@shopmail.net,2024-03-08,REGULAR
C0372,Noah Rodriguez,noah.rodriguez372@customer.io,2025-01-28,REGULAR
C0373,Amelia Thomas,amelia.thomas373.692mail.com,2022-04-24,REGULAR
C0374,Logan Anderson,logan.anderson374@mail.com,2022-04-18,VIP
C0375,Benjamin Smith,benjamin.smith375@shopmail.net,2025-04-09,REGULAR
C0376,James Garcia,james.garcia376@inbox.org,2023-11-28,PREMIUM
C0377,Ella Miller,ella.miller377@shopmail.net,2024-10-12,PREMIUM
C0378,Liam Williams,liam.williams378@inbox.org,2024-04-01,REGULAR
C0379,Lucas Thomas,lucas.thomas379.405mail.com,2023-12-21,PREMIUM
C0380,James Rodriguez,james.rodriguez380@shopmail.net,2023-01-20,REGULAR
C0381,Sophia Jones,sophia.jones381@mail.com,2022-02-20,PREMIUM
C0382,James Martinez,james.martinez382@mail.com,2023-01-09,REGULAR
C0383,Liam Martinez,liam.martinez383@mail.com,2023-01-16,PREMIUM
C0384,Ella Davis,ella.davis384@shopmail.net,2025-03-17,PREMIUM
C0385,Noah Williams,noah.williams385@customer.io,2022-12-30,PREMIUM
C0386,Harper Martinez,harper.martinez386@customer.io,2023-01-04,REGULAR
C0387,Sophia Wilson,sophia.wilson387@inbox.org,2023-04-12,REGULAR
C0388,Ethan Wilson,ethan.wilson388@inbox.org,2022-03-14,VIP
C0389,Ella Taylor,ella.taylor389@inbox.org,2023-09-27,REGULAR
C0390,Ella Williams,ella.williams390@inbox.org,2023-01-10,PREMIUM
C0391,Mason Thomas,mason.thomas391@inbox.org,2022-03-31,REGULAR
C0392,James Rodriguez,james.rodriguez392@inbox.org,2023-01-13,REGULAR
C0393,Harper Wilson,harper.wilson393@inbox.org,2023-07-31,REGULAR
C0394,Isabella Smith,isabella.smith394@mail.com,2022-04-24,REGULAR
C0395,Isabella Davis,isabella.davis395@customer.io,2023-04-16,VIP
C0396,Ava Brown,ava.brown396@mail.com,2025-03-06,VIP
C0397,Benjamin Brown,benjamin.brown397@shopmail.net,2023-09-09,VIP
C0398,Harper Taylor,harper.taylor398@inbox.org,2024-04-08,PREMIUM
C0399,Mason Jones,mason.jones399@inbox.org,2023-12-25,REGULAR
C0400,Benjamin Taylor,benjamin.taylor400@shopmail.net,2023-07-30,REGULAR
C0401,Noah Martinez,noah.martinez401@shopmail.net,2022-01-26,REGULAR
C0402,James Jones,james.jones402@customer.io,2022-12-24,REGULAR
C0403,Lucas Davis,lucas.davis403@customer.io,2023-02-04,PREMIUM
C0404,Benjamin Anderson,benjamin.anderson404@inbox.org,2023-12-17,REGULAR
C0405,Logan Williams,logan.williams405@inbox.org,2022-10-13,VIP
C0406,Noah Rodriguez,noah.rodriguez406@mail.com,2025-06-24,PREMIUM
C0407,Ava Miller,ava.miller407@shopmail.net,2022-04-16,PREMIUM
C0408,Ava Brown,ava.brown408@customer.io,2022-04-04,PREMIUM
C0409,Benjamin Wilson,benjamin.wilson409@mail.com,2024-04-06,REGULAR
C0410,Ava Smith,ava.smith410@customer.io,2024-04-12,VIP
C0411,Ava Rodriguez,ava.rodriguez411@inbox.org,2025-06-06,VIP
C0412,Ethan Johnson,ethan.johnson412@shopmail.net,2023-01-10,REGULAR
C0413,Amelia Thomas,amelia.thomas413@inbox.org,2022-05-03,REGULAR
C0414,Ella Davis,ella.davis414@shopmail.net,2023-04-11,PREMIUM
C0415,Mia Wilson,mia.wilson415@mail.com,2022-05-26,REGULAR
C0416,Ella Rodriguez,ella.rodriguez416@mail.com,2024-12-27,REGULAR
C0417,Benjamin Thomas,benjamin.thomas417@customer.io,2024-05-29,VIP
C0418,Liam Rodriguez,liam.rodriguez418@shopmail.net,2022-11-25,VIP
C0419,Benjamin Jones,benjamin.jones419@mail.com,2024-11-29,VIP
C0420,Noah Williams,noah.williams420@customer.io,2022-01-25,VIP
C0421,Sophia Taylor,sophia.taylor421@inbox.org,2022-04-30,REGULAR
C0422,Lucas Martinez,lucas.martinez422@inbox.org,2024-11-17,PREMIUM
C0423,Harper Miller,harper.miller423@shopmail.net,2025-05-12,VIP
C0424,Mia Rodriguez,mia.rodriguez424@customer.io,2022-03-25,REGULAR
C0425,Lucas Thomas,lucas.thomas425@inbox.org,2025-04-16,REGULAR
C0426,Amelia Taylor,amelia.taylor426@inbox.org,2022-12-21,REGULAR
C0427,Ella Miller,ella.miller427@inbox.org,2022-05-14,PREMIUM
C0428,Mason Taylor,mason.taylor428@mail.com,2022-05-08,REGULAR
C0429,Ella Anderson,ella.anderson429@shopmail.net,2025-02-23,REGULAR
C0430,Logan Johnson,logan.johnson430@customer.io,2023-11-22,REGULAR
C0431,Amelia Johnson,amelia.johnson431@shopmail.net,2023-11-01,REGULAR
C0432,James Johnson,james.johnson432@customer.io,2024-05-10,REGULAR
C0433,Harper Thomas,harper.thomas433@customer.io,2023-10-05,REGULAR
C0434,Mia Anderson,mia.anderson434@shopmail.net,2024-06-07,REGULAR
C0435,Ella Williams,ella.williams435@customer.io,2023-02-21,REGULAR
C0436,Mia Williams,mia.williams436@inbox.org,2023-04-11,REGULAR
C0437,Mia Garcia,mia.garcia437@shopmail.net,2025-01-24,PREMIUM
C0438,Isabella Davis,isabella.davis438@customer.io,2022-01-11,VIP
C0439,Harper Thomas,harper.thomas439@customer.io,2023-11-15,REGULAR
C0440,Sophia Jones,sophia.jones440@shopmail.net,2024-01-15,REGULAR
C0441,Ella Garcia,ella.garcia441@inbox.org,2024-06-13,PREMIUM
C0442,Harper Miller,harper.miller442@inbox.org,2023-07-22,REGULAR
C0443,Isabella Martinez,isabella.martinez443@shopmail.net,2024-11-25,PREMIUM
C0444,Ava Anderson,ava.anderson444@shopmail.net,2023-11-13,PREMIUM
C0445,Mia Thomas,mia.thomas445@inbox.org,2024-11-11,REGULAR
C0446,Mason Brown,mason.brown446@shopmail.net,2025-01-16,REGULAR
C0447,Ella Johnson,ella.johnson447@inbox.org,2024-06-23,REGULAR
C0448,James Rodriguez,james.rodriguez448@customer.io,2024-12-25,PREMIUM
C0449,Mia Johnson,mia.johnson449@customer.io,2022-09-16,PREMIUM
C0450,Noah Martinez,noah.martinez450@inbox.org,2025-03-15,REGULAR
C0451,James Johnson,james.johnson451@327,2024-03-04,PREMIUM
C0452,Lucas Davis,lucas.davis452@inbox.org,2025-04-14,PREMIUM
C0453,Sophia Garcia,sophia.garcia453@inbox.org,2022-06-12,REGULAR
C0454,Mia Johnson,mia.johnson454@shopmail.net,2023-06-26,REGULAR
C0455,Grace Taylor,grace.taylor455@inbox.org,2023-06-26,REGULAR
C0456,Grace Anderson,grace.anderson456@customer.io,2022-04-15,REGULAR
C0457,Liam Smith,liam.smith457@mail.com,2024-11-17,PREMIUM
C0458,Lucas Rodriguez,lucas.rodriguez458@shopmail.net,2023-05-30,REGULAR
C0459,Grace Brown,grace.brown459@shopmail.net,2022-10-17,PREMIUM
C0460,James Miller,james.miller460@shopmail.net,2023-11-30,REGULAR
C0461,Ella Smith,ella.smith461@shopmail.net,2023-03-09,PREMIUM
C0462,Mia Martinez,mia.martinez462@shopmail.net,2023-07-23,REGULAR
C0463,Grace Johnson,grace.johnson463@inbox.org,2024-03-30,VIP
C0464,Harper Martinez,harper.martinez464@inbox.org,2024-06-30,REGULAR
C0465,Logan Thomas,logan.thomas465@shopmail.net,2025-06-18,PREMIUM
C0466,Mason Martinez,mason.martinez466@shopmail.net,2023-05-02,REGULAR
C0467,Mason Johnson,mason.johnson467@shopmail.net,2024-03-04,REGULAR
C0468,Sophia Martinez,sophia.martinez468@shopmail.net,2024-01-27,PREMIUM
C0469,Ethan Rodriguez,ethan.rodriguez469@customer.io,2022-08-06,REGULAR
C0470,Grace Martinez,grace.martinez470@customer.io,2022-01-15,REGULAR
C0471,Isabella Thomas,isabella.thomas471@inbox.org,2023-09-28,PREMIUM
C0472,James Anderson,james.anderson472@inbox.org,2022-09-17,REGULAR
C0473,Ava Taylor,ava.taylor473@customer.io,2022-02-20,REGULAR
C0474,Mason Williams,mason.williams474@inbox.org,2024-05-03,REGULAR
C0475,Liam Jones,liam.jones475@customer.io,2024-04-22,PREMIUM
C0476,Noah Taylor,noah.taylor476@shopmail.net,2023-10-23,REGULAR
C0477,Lucas Jones,lucas.jones477@mail.com,2023-11-30,REGULAR
C0478,Mia Davis,mia.davis478@mail.com,2025-04-19,PREMIUM
C0479,Isabella Taylor,isabella.taylor479@customer.io,2025-01-09,PREMIUM
C0480,James Williams,james.williams480@shopmail.net,2025-06-17,REGULAR
C0481,Noah Martinez,noah.martinez481@customer.io,2024-07-16,REGULAR
C0482,Harper Anderson,harper.anderson482@customer.io,2024-03-10,VIP
C0483,Liam Williams,liam.williams483@inbox.org,2022-04-03,VIP
C0484,Sophia Anderson,sophia.anderson484@shopmail.net,2022-08-16,PREMIUM
C0485,Lucas Taylor,lucas.taylor485@inbox.org,2024-01-31,REGULAR
C0486,Amelia Wilson,amelia.wilson486@inbox.org,2022-04-28,PREMIUM
C0487,Mia Miller,mia.miller487@customer.io,2024-12-15,VIP
C0488,Logan Davis,logan.davis488@customer.io,2024-06-23,REGULAR
C0489,Mia Anderson,mia.anderson489@customer.io,2022-04-09,PREMIUM
C0490,Ella Brown,ella.brown490@shopmail.net,2024-02-08,REGULAR
C0491,Mason Garcia,mason.garcia491@shopmail.net,2024-05-29,PREMIUM
C0492,Harper Wilson,harper.wilson492@mail.com,2022-06-04,PREMIUM
C0493,Grace Smith,grace.smith493@shopmail.net,2023-11-17,REGULAR
C0494,James Brown,james.brown494@shopmail.net,2024-10-06,REGULAR
C0495,Amelia Johnson,amelia.johnson495@customer.io,2022-05-09,REGULAR
C0496,Ethan Smith,ethan.smith496@customer.io,2025-02-01,PREMIUM
C0497,Lucas Miller,lucas.miller497@mail.com,2022-01-02,REGULAR
C0498,Mia Williams,mia.williams498@inbox.org,2022-01-15,REGULAR
C0499,Harper Thomas,harper.thomas499@inbox.org,2024-12-14,REGULAR
C0500,Mia Brown,mia.brown500@mail.com,2022-06-10,REGULAR
C0501,Mason Williams,mason.williams501@shopmail.net,2024-09-23,VIP
C0502,Sophia Johnson,sophia.johnson502@mail.com,2024-08-06,PREMIUM
C0503,Grace Garcia,grace.garcia503@shopmail.net,2023-10-02,PREMIUM
C0504,Grace Thomas,grace.thomas504@mail.com,2022-08-06,PREMIUM
C0505,Ella Garcia,ella.garcia505@customer.io,2025-05-13,REGULAR
C0506,Amelia Wilson,amelia.wilson506@customer.io,2025-04-25,VIP
C0507,Ava Thomas,ava.thomas507@customer.io,2022-11-16,REGULAR
C0508,Isabella Anderson,isabella.anderson508@mail.com,2025-05-02,PREMIUM
C0509,Lucas Davis,lucas.davis509@shopmail.net,2024-02-16,PREMIUM
C0510,Mia Rodriguez,mia.rodriguez510@mail.com,2023-07-15,VIP
C0511,Sophia Miller,sophia.miller511@inbox.org,2023-07-22,REGULAR
C0512,Ethan Taylor,ethan.taylor512@mail.com,2022-01-26,REGULAR
C0513,Ava Jones,ava.jones513@mail.com,2025-05-11,REGULAR
C0514,Mason Wilson,mason.wilson514@inbox.org,2023-10-21,PREMIUM
C0515,Mia Wilson,mia.wilson515@shopmail.net,2023-03-08,REGULAR
C0516,Mia Rodriguez,mia.rodriguez516@shopmail.net,2024-04-13,REGULAR
C0517,Mia Jones,mia.jones517@shopmail.net,2022-03-31,REGULAR
C0518,James Johnson,james.johnson518@mail.com,2023-04-26,PREMIUM
C0519,Ethan Johnson,ethan.johnson519.818mail.com,2022-01-18,REGULAR
C0520,Logan Rodriguez,logan.rodriguez520@customer.io,2022-09-17,REGULAR
C0521,Amelia Anderson,amelia.anderson521@mail.com,2023-06-05,PREMIUM
C0522,Amelia Rodriguez,amelia.rodriguez522@mail.com,2024-02-10,REGULAR
C0523,Logan Smith,logan.smith523@shopmail.net,2023-07-26,REGULAR
C0524,Liam Martinez,liam.martinez524@mail.com,2022-12-21,PREMIUM
C0525,Ava Smith,ava.smith525@mail.com,2023-01-15,REGULAR
C0526,Logan Miller,logan.miller526@shopmail.net,2022-02-24,REGULAR
C0527,James Brown,james.brown527@inbox.org,2025-01-23,REGULAR
C0528,Mia Martinez,mia.martinez528@mail.com,2022-10-06,REGULAR
C0529,Noah Miller,noah.miller529@inbox.org,2023-03-15,PREMIUM
C0530,Mason Garcia,mason.garcia530@inbox.org,2022-01-13,REGULAR
C0531,Mason Martinez,mason.martinez531@shopmail.net,2023-12-22,REGULAR
C0532,Benjamin Taylor,benjamin.taylor532@shopmail.net,2022-08-22,REGULAR
C0533,James Smith,james.smith533@customer.io,2024-09-14,PREMIUM
C0534,Ava Garcia,ava.garcia534@969,2025-02-20,PREMIUM
C0535,Liam Brown,liam.brown535@shopmail.net,2023-10-15,REGULAR
C0536,Noah Williams,noah.williams536@mail.com,2022-03-10,VIP
C0537,James Anderson,james.anderson537@inbox.org,2025-03-07,REGULAR
C0538,Liam Rodriguez,liam.rodriguez538@inbox.org,2022-04-27,REGULAR
C0539,Noah Miller,noah.miller539@shopmail.net,2023-01-03,REGULAR
C0540,Harper Taylor,harper.taylor540@customer.io,2023-05-10,REGULAR
C0541,Lucas Johnson,lucas.johnson541@shopmail.net,2025-04-26,PREMIUM
C0542,Liam Williams,liam.williams542@inbox.org,2023-12-25,REGULAR
C0543,Liam Rodriguez,liam.rodriguez543@shopmail.net,2023-12-04,REGULAR
C0544,Amelia Thomas,amelia.thomas544@shopmail.net,2025-06-08,PREMIUM
C0545,Noah Brown,noah.brown545@customer.io,2022-08-19,REGULAR
C0546,Lucas Garcia,lucas.garcia546@mail.com,2024-11-17,REGULAR
C0547,Ethan Smith,ethan.smith547@inbox.org,2024-05-13,PREMIUM
C0548,Lucas Johnson,lucas.johnson548@shopmail.net,2022-07-08,REGULAR
C0549,Lucas Williams,lucas.williams549@inbox.org,2023-08-02,PREMIUM
C0550,Mia Martinez,mia.martinez550@mail.com,2022-02-03,VIP
